Draw Date,Ticket,Training Start,Training End,Played,Predicted Main Numbers,Predicted Thunderball,Actual Main Numbers,Actual Thunderball,Main Matches,Thunderball Match,Payout,Ticket Net Result,Profitable Ticket
2025-10-04,1,2025-09-19,2025-10-03,Yes,1-11-26-35-37,8,12-13-15-22-23,11,0,No,0,-1,No
2025-10-04,2,2025-09-19,2025-10-03,Yes,6-10-16-21-26,6,12-13-15-22-23,11,0,No,0,-1,No
2025-10-04,3,2025-09-19,2025-10-03,Yes,1-14-23-25-37,7,12-13-15-22-23,11,1,No,0,-1,No
2025-10-04,4,2025-09-19,2025-10-03,Yes,7-23-26-28-33,10,12-13-15-22-23,11,1,No,0,-1,No
2025-10-04,5,2025-09-19,2025-10-03,Yes,1-11-21-30-31,6,12-13-15-22-23,11,0,No,0,-1,No
2025-10-04,6,2025-09-19,2025-10-03,Yes,1-6-9-20-28,8,12-13-15-22-23,11,0,No,0,-1,No
2025-10-04,7,2025-09-19,2025-10-03,Yes,1-2-16-23-26,7,12-13-15-22-23,11,1,No,0,-1,No
2025-10-04,8,2025-09-19,2025-10-03,Yes,7-8-10-16-37,5,12-13-15-22-23,11,0,No,0,-1,No
2025-10-04,9,2025-09-19,2025-10-03,Yes,3-5-6-26-37,6,12-13-15-22-23,11,0,No,0,-1,No
2025-10-07,1,2025-09-19,2025-10-04,Yes,1-11-26-35-37,8,5-23-24-33-38,8,0,Yes,3,2,Yes
2025-10-07,2,2025-09-19,2025-10-04,Yes,6-11-16-21-25,6,5-23-24-33-38,8,0,No,0,-1,No
2025-10-07,3,2025-09-19,2025-10-04,Yes,1-13-23-24-37,7,5-23-24-33-38,8,2,No,0,-1,No
2025-10-07,4,2025-09-19,2025-10-04,Yes,6-10-16-20-26,11,5-23-24-33-38,8,0,No,0,-1,No
2025-10-07,5,2025-09-19,2025-10-04,Yes,1-2-16-23-25,8,5-23-24-33-38,8,1,Yes,5,4,Yes
2025-10-07,6,2025-09-19,2025-10-04,Yes,1-10-12-17-23,6,5-23-24-33-38,8,1,No,0,-1,No
2025-10-07,7,2025-09-19,2025-10-04,Yes,6-12-21-35-37,7,5-23-24-33-38,8,0,No,0,-1,No
2025-10-07,8,2025-09-19,2025-10-04,Yes,7-16-26-28-34,10,5-23-24-33-38,8,0,No,0,-1,No
2025-10-07,9,2025-09-19,2025-10-04,Yes,1-6-9-20-28,8,5-23-24-33-38,8,0,Yes,3,2,Yes
2025-10-08,1,2025-09-19,2025-10-07,Yes,1-11-26-35-37,8,13-16-23-26-39,3,1,No,0,-1,No
2025-10-08,2,2025-09-19,2025-10-07,Yes,2-21-23-37-38,6,13-16-23-26-39,3,1,No,0,-1,No
2025-10-08,3,2025-09-19,2025-10-07,Yes,1-13-23-25-37,7,13-16-23-26-39,3,2,No,0,-1,No
2025-10-08,4,2025-09-19,2025-10-07,Yes,20-23-25-31-33,5,13-16-23-26-39,3,1,No,0,-1,No
2025-10-08,5,2025-09-19,2025-10-07,Yes,1-3-15-23-26,8,13-16-23-26-39,3,2,No,0,-1,No
2025-10-08,6,2025-09-19,2025-10-07,Yes,6-11-16-21-25,6,13-16-23-26-39,3,1,No,0,-1,No
2025-10-08,7,2025-09-19,2025-10-07,Yes,7-8-11-16-37,5,13-16-23-26-39,3,1,No,0,-1,No
2025-10-08,8,2025-09-19,2025-10-07,Yes,1-6-9-20-28,8,13-16-23-26-39,3,0,No,0,-1,No
2025-10-08,9,2025-09-19,2025-10-07,Yes,5-6-7-12-37,1,13-16-23-26-39,3,0,No,0,-1,No
2025-10-10,1,2025-09-19,2025-10-08,Yes,1-3-16-23-26,8,11-22-25-31-34,13,0,No,0,-1,No
2025-10-10,2,2025-09-19,2025-10-08,Yes,6-13-22-36-37,6,11-22-25-31-34,13,1,No,0,-1,No
2025-10-10,3,2025-09-19,2025-10-08,Yes,21-23-25-31-33,5,11-22-25-31-34,13,2,No,0,-1,No
2025-10-10,4,2025-09-19,2025-10-08,Yes,1-13-22-33-35,3,11-22-25-31-34,13,1,No,0,-1,No
2025-10-10,5,2025-09-19,2025-10-08,Yes,1-11-26-37-38,8,11-22-25-31-34,13,1,No,0,-1,No
2025-10-10,6,2025-09-19,2025-10-08,Yes,6-11-16-21-25,6,11-22-25-31-34,13,2,No,0,-1,No
2025-10-10,7,2025-09-19,2025-10-08,Yes,15-16-20-24-26,12,11-22-25-31-34,13,0,No,0,-1,No
2025-10-10,8,2025-09-19,2025-10-08,Yes,13-15-16-23-39,8,11-22-25-31-34,13,0,No,0,-1,No
2025-10-10,9,2025-09-19,2025-10-08,Yes,5-6-7-12-37,1,11-22-25-31-34,13,0,No,0,-1,No
2025-10-11,1,2025-09-19,2025-10-10,Yes,20-23-25-26-31,8,4-16-18-26-39,8,1,Yes,5,4,Yes
2025-10-11,2,2025-09-19,2025-10-10,Yes,6-11-16-22-26,6,4-16-18-26-39,8,2,No,0,-1,No
2025-10-11,3,2025-09-19,2025-10-10,Yes,1-10-13-20-23,7,4-16-18-26-39,8,0,No,0,-1,No
2025-10-11,4,2025-09-19,2025-10-10,Yes,5-7-8-13-37,1,4-16-18-26-39,8,0,No,0,-1,No
2025-10-11,5,2025-09-19,2025-10-10,Yes,1-12-26-36-38,8,4-16-18-26-39,8,1,Yes,5,4,Yes
2025-10-11,6,2025-09-19,2025-10-10,Yes,1-12-22-30-31,6,4-16-18-26-39,8,0,No,0,-1,No
2025-10-11,7,2025-09-19,2025-10-10,Yes,7-13-22-36-37,7,4-16-18-26-39,8,0,No,0,-1,No
2025-10-11,8,2025-09-19,2025-10-10,Yes,1-3-16-24-26,8,4-16-18-26-39,8,2,Yes,10,9,Yes
2025-10-11,9,2025-09-19,2025-10-10,Yes,21-24-26-31-34,5,4-16-18-26-39,8,1,No,0,-1,No
2025-10-14,1,2025-09-19,2025-10-11,No,1-3-16-23-26,8,1-3-18-22-32,3,2,No,0,-1,No
2025-10-14,2,2025-09-19,2025-10-11,No,13-14-31-34-39,6,1-3-18-22-32,3,0,No,0,-1,No
2025-10-14,3,2025-09-19,2025-10-11,No,6-11-16-21-26,7,1-3-18-22-32,3,0,No,0,-1,No
2025-10-14,4,2025-09-19,2025-10-11,No,8-23-26-28-33,11,1-3-18-22-32,3,0,No,0,-1,No
2025-10-14,5,2025-09-19,2025-10-11,No,1-12-26-37-38,8,1-3-18-22-32,3,1,No,0,-1,No
2025-10-14,6,2025-09-19,2025-10-11,No,4-21-23-37-39,6,1-3-18-22-32,3,0,No,0,-1,No
2025-10-14,7,2025-09-19,2025-10-11,No,15-16-20-24-26,12,1-3-18-22-32,3,0,No,0,-1,No
2025-10-14,8,2025-09-19,2025-10-11,No,1-14-23-25-38,8,1-3-18-22-32,3,1,No,0,-1,No
2025-10-14,9,2025-09-19,2025-10-11,No,5-6-7-13-37,1,1-3-18-22-32,3,0,No,0,-1,No
2025-10-15,1,2025-09-19,2025-10-14,Yes,1-3-16-23-26,8,7-11-17-26-37,10,1,No,0,-1,No
2025-10-15,2,2025-09-19,2025-10-14,Yes,15-23-25-31-33,3,7-11-17-26-37,10,0,No,0,-1,No
2025-10-15,3,2025-09-19,2025-10-14,Yes,6-11-16-21-25,6,7-11-17-26-37,10,1,No,0,-1,No
2025-10-15,4,2025-09-19,2025-10-14,Yes,6-13-22-36-37,7,7-11-17-26-37,10,1,No,0,-1,No
2025-10-15,5,2025-09-19,2025-10-14,Yes,1-11-26-37-38,8,7-11-17-26-37,10,3,No,10,9,Yes
2025-10-15,6,2025-09-19,2025-10-14,Yes,1-14-22-33-35,3,7-11-17-26-37,10,0,No,0,-1,No
2025-10-15,7,2025-09-19,2025-10-14,Yes,3-21-23-37-39,6,7-11-17-26-37,10,1,No,0,-1,No
2025-10-15,8,2025-09-19,2025-10-14,Yes,4-7-22-23-25,8,7-11-17-26-37,10,1,No,0,-1,No
2025-10-15,9,2025-09-19,2025-10-14,Yes,6-9-21-31-37,3,7-11-17-26-37,10,1,No,0,-1,No
2025-10-17,1,2025-09-19,2025-10-15,Yes,18-22-23-26-31,8,10-14-15-20-26,5,1,No,0,-1,No
2025-10-17,2,2025-09-19,2025-10-15,Yes,7-12-16-18-26,10,10-14-15-20-26,5,1,No,0,-1,No
2025-10-17,3,2025-09-19,2025-10-15,Yes,1-13-22-33-35,3,10-14-15-20-26,5,0,No,0,-1,No
2025-10-17,4,2025-09-19,2025-10-15,Yes,6-11-16-21-25,6,10-14-15-20-26,5,0,No,0,-1,No
2025-10-17,5,2025-09-19,2025-10-15,Yes,1-11-26-37-38,8,10-14-15-20-26,5,1,No,0,-1,No
2025-10-17,6,2025-09-19,2025-10-15,Yes,15-23-26-31-33,3,10-14-15-20-26,5,2,No,0,-1,No
2025-10-17,7,2025-09-19,2025-10-15,Yes,1-5-8-26-32,10,10-14-15-20-26,5,1,No,0,-1,No
2025-10-17,8,2025-09-19,2025-10-15,Yes,1-3-16-23-26,8,10-14-15-20-26,5,1,No,0,-1,No
2025-10-17,9,2025-09-19,2025-10-15,Yes,4-6-7-13-37,1,10-14-15-20-26,5,0,No,0,-1,No
2025-10-18,1,2025-09-19,2025-10-17,Yes,1-11-26-37-38,8,4-8-10-18-22,2,0,No,0,-1,No
2025-10-18,2,2025-09-19,2025-10-17,Yes,20-23-25-31-33,5,4-8-10-18-22,2,0,No,0,-1,No
2025-10-18,3,2025-09-19,2025-10-17,Yes,7-9-20-31-37,3,4-8-10-18-22,2,0,No,0,-1,No
2025-10-18,4,2025-09-19,2025-10-17,Yes,11-14-16-17-18,10,4-8-10-18-22,2,1,No,0,-1,No
2025-10-18,5,2025-09-19,2025-10-17,Yes,1-3-16-23-25,8,4-8-10-18-22,2,0,No,0,-1,No
2025-10-18,6,2025-09-19,2025-10-17,Yes,7-8-11-16-37,5,4-8-10-18-22,2,1,No,0,-1,No
2025-10-18,7,2025-09-19,2025-10-17,Yes,26-28-33-36-39,10,4-8-10-18-22,2,0,No,0,-1,No
2025-10-18,8,2025-09-19,2025-10-17,Yes,15-16-18-23-26,12,4-8-10-18-22,2,1,No,0,-1,No
2025-10-18,9,2025-09-19,2025-10-17,Yes,12-13-20-35-37,8,4-8-10-18-22,2,0,No,0,-1,No
2025-10-21,1,2025-09-19,2025-10-18,Yes,4-8-22-23-24,8,2-3-28-37-38,11,0,No,0,-1,No
2025-10-21,2,2025-09-19,2025-10-18,Yes,7-8-11-16-37,3,2-3-28-37-38,11,1,No,0,-1,No
2025-10-21,3,2025-09-19,2025-10-18,Yes,4-11-13-23-31,10,2-3-28-37-38,11,0,No,0,-1,No
2025-10-21,4,2025-09-19,2025-10-18,Yes,3-20-23-37-39,6,2-3-28-37-38,11,2,No,0,-1,No
2025-10-21,5,2025-09-19,2025-10-18,Yes,13-15-16-22-39,8,2-3-28-37-38,11,0,No,0,-1,No
2025-10-21,6,2025-09-19,2025-10-18,Yes,8-22-26-27-32,10,2-3-28-37-38,11,0,No,0,-1,No
2025-10-21,7,2025-09-19,2025-10-18,Yes,6-11-16-21-25,6,2-3-28-37-38,11,0,No,0,-1,No
2025-10-21,8,2025-09-19,2025-10-18,Yes,1-11-25-36-38,8,2-3-28-37-38,11,1,No,0,-1,No
2025-10-21,9,2025-09-19,2025-10-18,Yes,14-16-18-23-26,12,2-3-28-37-38,11,0,No,0,-1,No
2025-10-22,1,2025-09-19,2025-10-21,No,18-22-25-26-30,8,4-15-17-24-33,10,0,No,0,-1,No
2025-10-22,2,2025-09-19,2025-10-21,No,1-10-16-23-34,11,4-15-17-24-33,10,0,No,0,-1,No
2025-10-22,3,2025-09-19,2025-10-21,No,5-6-13-16-37,6,4-15-17-24-33,10,0,No,0,-1,No
2025-10-22,4,2025-09-19,2025-10-21,No,20-23-25-31-33,5,4-15-17-24-33,10,1,No,0,-1,No
2025-10-22,5,2025-09-19,2025-10-21,No,1-11-25-37-38,8,4-15-17-24-33,10,0,No,0,-1,No
2025-10-22,6,2025-09-19,2025-10-21,No,2-3-9-24-26,5,4-15-17-24-33,10,1,No,0,-1,No
2025-10-22,7,2025-09-19,2025-10-21,No,1-10-11-18-22,6,4-15-17-24-33,10,0,No,0,-1,No
2025-10-22,8,2025-09-19,2025-10-21,No,1-6-7-11-26,7,4-15-17-24-33,10,0,No,0,-1,No
2025-10-22,9,2025-09-19,2025-10-21,No,13-15-16-22-39,8,4-15-17-24-33,10,1,No,0,-1,No
2025-10-24,1,2025-09-19,2025-10-22,No,4-8-22-23-24,8,6-10-24-28-32,6,1,No,0,-1,No
2025-10-24,2,2025-09-19,2025-10-22,No,6-11-15-17-26,10,6-10-24-28-32,6,1,No,0,-1,No
2025-10-24,3,2025-09-19,2025-10-22,No,12-14-26-31-33,5,6-10-24-28-32,6,0,No,0,-1,No
2025-10-24,4,2025-09-19,2025-10-22,No,1-10-16-23-34,11,6-10-24-28-32,6,1,No,0,-1,No
2025-10-24,5,2025-09-19,2025-10-22,No,1-11-25-37-38,8,6-10-24-28-32,6,0,No,0,-1,No
2025-10-24,6,2025-09-19,2025-10-22,No,26-28-33-36-39,10,6-10-24-28-32,6,1,No,0,-1,No
2025-10-24,7,2025-09-19,2025-10-22,No,15-22-25-31-33,3,6-10-24-28-32,6,0,No,0,-1,No
2025-10-24,8,2025-09-19,2025-10-22,No,3-20-23-37-38,6,6-10-24-28-32,6,0,Yes,3,2,Yes
2025-10-24,9,2025-09-19,2025-10-22,No,4-7-18-24-38,8,6-10-24-28-32,6,1,No,0,-1,No
2025-10-25,1,2025-09-19,2025-10-24,Yes,4-7-22-23-24,8,9-11-13-28-34,13,0,No,0,-1,No
2025-10-25,2,2025-09-19,2025-10-24,Yes,6-11-15-17-26,10,9-11-13-28-34,13,1,No,0,-1,No
2025-10-25,3,2025-09-19,2025-10-24,Yes,3-20-23-37-38,6,9-11-13-28-34,13,0,No,0,-1,No
2025-10-25,4,2025-09-19,2025-10-24,Yes,11-14-26-31-33,5,9-11-13-28-34,13,1,No,0,-1,No
2025-10-25,5,2025-09-19,2025-10-24,Yes,1-3-16-23-25,8,9-11-13-28-34,13,0,No,0,-1,No
2025-10-25,6,2025-09-19,2025-10-24,Yes,2-3-8-24-26,6,9-11-13-28-34,13,0,No,0,-1,No
2025-10-25,7,2025-09-19,2025-10-24,Yes,26-28-33-36-39,10,9-11-13-28-34,13,1,No,0,-1,No
2025-10-25,8,2025-09-19,2025-10-24,Yes,3-4-6-25-37,6,9-11-13-28-34,13,0,No,0,-1,No
2025-10-25,9,2025-09-19,2025-10-24,Yes,12-13-18-35-37,8,9-11-13-28-34,13,1,No,0,-1,No
2025-10-28,1,2025-09-19,2025-10-25,No,4-8-22-23-25,8,1-2-10-20-34,4,0,No,0,-1,No
2025-10-28,2,2025-09-19,2025-10-25,No,26-28-33-36-39,10,1-2-10-20-34,4,0,No,0,-1,No
2025-10-28,3,2025-09-19,2025-10-25,No,1-10-11-18-22,6,1-2-10-20-34,4,2,No,0,-1,No
2025-10-28,4,2025-09-19,2025-10-25,No,4-11-26-28-31,13,1-2-10-20-34,4,0,No,0,-1,No
2025-10-28,5,2025-09-19,2025-10-25,No,3-20-21-31-37,8,1-2-10-20-34,4,1,No,0,-1,No
2025-10-28,6,2025-09-19,2025-10-25,No,4-11-13-24-32,10,1-2-10-20-34,4,0,No,0,-1,No
2025-10-28,7,2025-09-19,2025-10-25,No,3-20-23-37-38,6,1-2-10-20-34,4,1,No,0,-1,No
2025-10-28,8,2025-09-19,2025-10-25,No,7-8-11-16-37,5,1-2-10-20-34,4,0,No,0,-1,No
2025-10-28,9,2025-09-19,2025-10-25,No,18-22-24-25-30,8,1-2-10-20-34,4,0,No,0,-1,No
2025-10-29,1,2025-09-19,2025-10-28,Yes,1-6-9-20-28,8,2-8-17-20-28,14,2,No,0,-1,No
2025-10-29,2,2025-09-19,2025-10-28,Yes,7-16-26-28-34,10,2-8-17-20-28,14,1,No,0,-1,No
2025-10-29,3,2025-09-19,2025-10-28,Yes,6-11-20-36-37,6,2-8-17-20-28,14,1,No,0,-1,No
2025-10-29,4,2025-09-19,2025-10-28,Yes,2-10-11-17-23,5,2-8-17-20-28,14,2,No,0,-1,No
2025-10-29,5,2025-09-19,2025-10-28,Yes,4-8-22-23-24,8,2-8-17-20-28,14,1,No,0,-1,No
2025-10-29,6,2025-09-19,2025-10-28,Yes,10-13-15-16-18,10,2-8-17-20-28,14,0,No,0,-1,No
2025-10-29,7,2025-09-19,2025-10-28,Yes,3-4-10-23-32,6,2-8-17-20-28,14,0,No,0,-1,No
2025-10-29,8,2025-09-19,2025-10-28,Yes,18-22-24-25-30,8,2-8-17-20-28,14,0,No,0,-1,No
2025-10-29,9,2025-09-19,2025-10-28,Yes,26-28-33-36-39,10,2-8-17-20-28,14,1,No,0,-1,No
2025-10-31,1,2025-09-19,2025-10-29,Yes,1-2-16-23-25,8,11-19-35-37-39,6,0,No,0,-1,No
2025-10-31,2,2025-09-19,2025-10-29,Yes,7-16-26-28-34,10,11-19-35-37-39,6,0,No,0,-1,No
2025-10-31,3,2025-09-19,2025-10-29,Yes,2-20-23-37-38,6,11-19-35-37-39,6,1,Yes,5,4,Yes
2025-10-31,4,2025-09-19,2025-10-29,Yes,11-23-26-28-34,13,11-19-35-37-39,6,1,No,0,-1,No
2025-10-31,5,2025-09-19,2025-10-29,Yes,3-7-22-23-24,8,11-19-35-37-39,6,0,No,0,-1,No
2025-10-31,6,2025-09-19,2025-10-29,Yes,6-11-15-17-26,10,11-19-35-37-39,6,1,No,0,-1,No
2025-10-31,7,2025-09-19,2025-10-29,Yes,11-13-29-33-39,6,11-19-35-37-39,6,2,Yes,10,9,Yes
2025-10-31,8,2025-09-19,2025-10-29,Yes,12-13-18-34-37,8,11-19-35-37-39,6,1,No,0,-1,No
2025-10-31,9,2025-09-19,2025-10-29,Yes,1-5-8-26-31,10,11-19-35-37-39,6,0,No,0,-1,No
2025-11-01,1,2025-09-19,2025-10-31,Yes,2-20-23-37-39,6,16-25-26-36-38,11,0,No,0,-1,No
2025-11-01,2,2025-09-19,2025-10-31,Yes,18-22-24-26-31,8,16-25-26-36-38,11,1,No,0,-1,No
2025-11-01,3,2025-09-19,2025-10-31,Yes,7-16-26-28-34,10,16-25-26-36-38,11,2,No,0,-1,No
2025-11-01,4,2025-09-19,2025-10-31,Yes,8-22-26-28-33,11,16-25-26-36-38,11,1,Yes,5,4,Yes
2025-11-01,5,2025-09-19,2025-10-31,Yes,6-11-20-36-37,6,16-25-26-36-38,11,1,No,0,-1,No
2025-11-01,6,2025-09-19,2025-10-31,Yes,1-3-16-23-26,8,16-25-26-36-38,11,2,No,0,-1,No
2025-11-01,7,2025-09-19,2025-10-31,Yes,2-10-13-14-34,10,16-25-26-36-38,11,0,No,0,-1,No
2025-11-01,8,2025-09-19,2025-10-31,Yes,2-10-11-18-23,6,16-25-26-36-38,11,0,No,0,-1,No
2025-11-01,9,2025-09-19,2025-10-31,Yes,1-11-25-37-38,8,16-25-26-36-38,11,2,No,0,-1,No
2025-11-04,1,2025-09-19,2025-11-01,No,1-11-26-37-38,8,1-15-21-23-24,10,1,No,0,-1,No
2025-11-04,2,2025-09-19,2025-11-01,No,6-11-16-21-25,6,1-15-21-23-24,10,1,No,0,-1,No
2025-11-04,3,2025-09-19,2025-11-01,No,8-22-26-28-33,10,1-15-21-23-24,10,0,Yes,3,2,Yes
2025-11-04,4,2025-09-19,2025-11-01,No,5-10-17-20-26,11,1-15-21-23-24,10,0,No,0,-1,No
2025-11-04,5,2025-09-19,2025-11-01,No,18-22-24-26-31,8,1-15-21-23-24,10,1,No,0,-1,No
2025-11-04,6,2025-09-19,2025-11-01,No,3-20-23-37-39,6,1-15-21-23-24,10,1,No,0,-1,No
2025-11-04,7,2025-09-19,2025-11-01,No,2-10-13-15-34,10,1-15-21-23-24,10,1,Yes,5,4,Yes
2025-11-04,8,2025-09-19,2025-11-01,No,7-8-11-16-37,5,1-15-21-23-24,10,0,No,0,-1,No
2025-11-04,9,2025-09-19,2025-11-01,No,2-11-20-31-32,6,1-15-21-23-24,10,0,No,0,-1,No
2025-11-05,1,2025-09-19,2025-11-04,Yes,18-22-24-26-31,8,6-11-13-19-39,5,0,No,0,-1,No
2025-11-05,2,2025-09-19,2025-11-04,Yes,7-16-26-28-34,10,6-11-13-19-39,5,0,No,0,-1,No
2025-11-05,3,2025-09-19,2025-11-04,Yes,2-20-23-37-39,6,6-11-13-19-39,5,1,No,0,-1,No
2025-11-05,4,2025-09-19,2025-11-04,Yes,1-10-17-23-34,11,6-11-13-19-39,5,0,No,0,-1,No
2025-11-05,5,2025-09-19,2025-11-04,Yes,1-11-25-37-38,8,6-11-13-19-39,5,1,No,0,-1,No
2025-11-05,6,2025-09-19,2025-11-04,Yes,3-11-13-24-32,10,6-11-13-19-39,5,2,No,0,-1,No
2025-11-05,7,2025-09-19,2025-11-04,Yes,6-11-16-21-25,6,6-11-13-19-39,5,2,No,0,-1,No
2025-11-05,8,2025-09-19,2025-11-04,Yes,8-22-26-28-33,11,6-11-13-19-39,5,0,No,0,-1,No
2025-11-05,9,2025-09-19,2025-11-04,Yes,4-5-9-23-37,10,6-11-13-19-39,5,0,No,0,-1,No
2025-11-07,1,2025-09-19,2025-11-05,Yes,6-11-16-20-25,6,5-6-19-27-36,5,1,No,0,-1,No
2025-11-07,2,2025-09-19,2025-11-05,Yes,8-22-26-28-33,10,5-6-19-27-36,5,0,No,0,-1,No
2025-11-07,3,2025-09-19,2025-11-05,Yes,1-11-25-37-38,8,5-6-19-27-36,5,0,No,0,-1,No
2025-11-07,4,2025-09-19,2025-11-05,Yes,7-8-11-16-37,5,5-6-19-27-36,5,0,Yes,3,2,Yes
2025-11-07,5,2025-09-19,2025-11-05,Yes,2-20-23-37-39,6,5-6-19-27-36,5,0,No,0,-1,No
2025-11-07,6,2025-09-19,2025-11-05,Yes,2-10-13-15-34,10,5-6-19-27-36,5,0,No,0,-1,No
2025-11-07,7,2025-09-19,2025-11-05,Yes,4-7-18-24-39,8,5-6-19-27-36,5,0,No,0,-1,No
2025-11-07,8,2025-09-19,2025-11-05,Yes,1-10-11-18-22,6,5-6-19-27-36,5,0,No,0,-1,No
2025-11-07,9,2025-09-19,2025-11-05,Yes,1-5-8-26-32,8,5-6-19-27-36,5,1,No,0,-1,No
2025-11-08,1,2025-09-19,2025-11-07,No,6-11-16-20-25,6,1-3-12-29-37,12,0,No,0,-1,No
2025-11-08,2,2025-09-19,2025-11-07,No,8-22-26-28-33,10,1-3-12-29-37,12,0,No,0,-1,No
2025-11-08,3,2025-09-19,2025-11-07,No,7-8-11-16-37,5,1-3-12-29-37,12,1,No,0,-1,No
2025-11-08,4,2025-09-19,2025-11-07,No,18-22-24-26-31,8,1-3-12-29-37,12,0,No,0,-1,No
2025-11-08,5,2025-09-19,2025-11-07,No,1-10-17-23-34,11,1-3-12-29-37,12,1,No,0,-1,No
2025-11-08,6,2025-09-19,2025-11-07,No,5-6-13-17-37,6,1-3-12-29-37,12,1,No,0,-1,No
2025-11-08,7,2025-09-19,2025-11-07,No,13-15-16-22-39,10,1-3-12-29-37,12,0,No,0,-1,No
2025-11-08,8,2025-09-19,2025-11-07,No,11-23-25-32-38,8,1-3-12-29-37,12,0,No,0,-1,No
2025-11-08,9,2025-09-19,2025-11-07,No,1-14-23-24-38,6,1-3-12-29-37,12,1,No,0,-1,No
2025-11-11,1,2025-09-19,2025-11-08,No,1-13-23-24-38,6,6-9-15-16-35,10,0,No,0,-1,No
2025-11-11,2,2025-09-19,2025-11-08,No,26-28-34-36-39,10,6-9-15-16-35,10,0,Yes,3,2,Yes
2025-11-11,3,2025-09-19,2025-11-08,No,2-10-11-18-23,5,6-9-15-16-35,10,0,No,0,-1,No
2025-11-11,4,2025-09-19,2025-11-08,No,1-11-25-37-38,8,6-9-15-16-35,10,0,No,0,-1,No
2025-11-11,5,2025-09-19,2025-11-08,No,5-6-13-16-37,6,6-9-15-16-35,10,2,No,0,-1,No
2025-11-11,6,2025-09-19,2025-11-08,No,6-7-10-15-37,5,6-9-15-16-35,10,2,No,0,-1,No
2025-11-11,7,2025-09-19,2025-11-08,No,7-9-16-22-31,10,6-9-15-16-35,10,2,Yes,10,9,Yes
2025-11-11,8,2025-09-19,2025-11-08,No,8-22-26-28-33,11,6-9-15-16-35,10,0,No,0,-1,No
2025-11-11,9,2025-09-19,2025-11-08,No,10-13-15-16-18,10,6-9-15-16-35,10,2,Yes,10,9,Yes
2025-11-12,1,2025-09-19,2025-11-11,Yes,26-28-34-36-39,10,4-5-30-35-36,9,1,No,0,-1,No
2025-11-12,2,2025-09-19,2025-11-11,Yes,1-6-7-11-26,6,4-5-30-35-36,9,0,No,0,-1,No
2025-11-12,3,2025-09-19,2025-11-11,Yes,6-7-10-15-37,5,4-5-30-35-36,9,0,No,0,-1,No
2025-11-12,4,2025-09-19,2025-11-11,Yes,1-11-25-37-38,8,4-5-30-35-36,9,0,No,0,-1,No
2025-11-12,5,2025-09-19,2025-11-11,Yes,10-13-15-16-18,10,4-5-30-35-36,9,0,No,0,-1,No
2025-11-12,6,2025-09-19,2025-11-11,Yes,1-9-11-18-22,5,4-5-30-35-36,9,0,No,0,-1,No
2025-11-12,7,2025-09-19,2025-11-11,Yes,3-19-23-37-39,6,4-5-30-35-36,9,0,No,0,-1,No
2025-11-12,8,2025-09-19,2025-11-11,Yes,5-8-26-28-35,10,4-5-30-35-36,9,2,No,0,-1,No
2025-11-12,9,2025-09-19,2025-11-11,Yes,6-10-16-20-25,6,4-5-30-35-36,9,0,No,0,-1,No
2025-11-14,1,2025-09-19,2025-11-12,No,5-8-26-28-35,10,3-4-21-34-38,5,0,No,0,-1,No
2025-11-14,2,2025-09-19,2025-11-12,No,6-7-10-15-37,5,3-4-21-34-38,5,0,Yes,3,2,Yes
2025-11-14,3,2025-09-19,2025-11-12,No,1-13-23-24-38,6,3-4-21-34-38,5,1,No,0,-1,No
2025-11-14,4,2025-09-19,2025-11-12,No,4-31-36-37-38,8,3-4-21-34-38,5,2,No,0,-1,No
2025-11-14,5,2025-09-19,2025-11-12,No,10-13-15-16-18,10,3-4-21-34-38,5,0,No,0,-1,No
2025-11-14,6,2025-09-19,2025-11-12,No,5-6-13-16-37,6,3-4-21-34-38,5,0,No,0,-1,No
2025-11-14,7,2025-09-19,2025-11-12,No,2-10-11-17-23,5,3-4-21-34-38,5,0,Yes,3,2,Yes
2025-11-14,8,2025-09-19,2025-11-12,No,26-28-34-36-39,10,3-4-21-34-38,5,1,No,0,-1,No
2025-11-14,9,2025-09-19,2025-11-12,No,1-9-11-18-22,6,3-4-21-34-38,5,0,No,0,-1,No
2025-11-15,1,2025-09-19,2025-11-14,Yes,4-8-26-28-35,10,5-8-10-14-20,10,1,Yes,5,4,Yes
2025-11-15,2,2025-09-19,2025-11-14,Yes,6-7-10-15-37,5,5-8-10-14-20,10,1,No,0,-1,No
2025-11-15,3,2025-09-19,2025-11-14,Yes,1-11-26-37-38,8,5-8-10-14-20,10,0,No,0,-1,No
2025-11-15,4,2025-09-19,2025-11-14,Yes,5-6-13-16-37,6,5-8-10-14-20,10,1,No,0,-1,No
2025-11-15,5,2025-09-19,2025-11-14,Yes,2-10-11-18-23,5,5-8-10-14-20,10,1,No,0,-1,No
2025-11-15,6,2025-09-19,2025-11-14,Yes,26-28-34-36-39,10,5-8-10-14-20,10,0,Yes,3,2,Yes
2025-11-15,7,2025-09-19,2025-11-14,Yes,1-13-23-24-38,6,5-8-10-14-20,10,0,No,0,-1,No
2025-11-15,8,2025-09-19,2025-11-14,Yes,7-22-26-28-33,10,5-8-10-14-20,10,0,Yes,3,2,Yes
2025-11-15,9,2025-09-19,2025-11-14,Yes,20-23-25-32-34,5,5-8-10-14-20,10,1,No,0,-1,No
2025-11-18,1,2025-09-19,2025-11-15,Yes,5-8-26-28-35,10,11-21-26-37-38,9,1,No,0,-1,No
2025-11-18,2,2025-09-19,2025-11-15,Yes,6-7-10-15-37,5,11-21-26-37-38,9,1,No,0,-1,No
2025-11-18,3,2025-09-19,2025-11-15,Yes,1-11-26-37-38,8,11-21-26-37-38,9,4,No,250,249,Yes
2025-11-18,4,2025-09-19,2025-11-15,Yes,5-6-13-16-37,6,11-21-26-37-38,9,1,No,0,-1,No
2025-11-18,5,2025-09-19,2025-11-15,Yes,26-28-34-36-39,10,11-21-26-37-38,9,1,No,0,-1,No
2025-11-18,6,2025-09-19,2025-11-15,Yes,2-10-11-17-23,5,11-21-26-37-38,9,1,No,0,-1,No
2025-11-18,7,2025-09-19,2025-11-15,Yes,5-10-15-20-25,6,11-21-26-37-38,9,0,No,0,-1,No
2025-11-18,8,2025-09-19,2025-11-15,Yes,13-14-15-21-39,10,11-21-26-37-38,9,1,No,0,-1,No
2025-11-18,9,2025-09-19,2025-11-15,Yes,2-4-23-29-35,5,11-21-26-37-38,9,0,No,0,-1,No
2025-11-19,1,2025-09-19,2025-11-18,Yes,26-28-34-37-39,10,11-14-30-34-37,14,2,No,0,-1,No
2025-11-19,2,2025-09-19,2025-11-18,Yes,2-10-11-18-23,5,11-14-30-34-37,14,1,No,0,-1,No
2025-11-19,3,2025-09-19,2025-11-18,Yes,1-11-26-37-38,8,11-14-30-34-37,14,2,No,0,-1,No
2025-11-19,4,2025-09-19,2025-11-18,Yes,5-6-13-16-37,6,11-14-30-34-37,14,1,No,0,-1,No
2025-11-19,5,2025-09-19,2025-11-18,Yes,8-22-26-28-34,10,11-14-30-34-37,14,1,No,0,-1,No
2025-11-19,6,2025-09-19,2025-11-18,Yes,6-7-10-15-37,5,11-14-30-34-37,14,1,No,0,-1,No
2025-11-19,7,2025-09-19,2025-11-18,Yes,1-13-23-24-38,6,11-14-30-34-37,14,0,No,0,-1,No
2025-11-19,8,2025-09-19,2025-11-18,Yes,11-24-32-33-37,10,11-14-30-34-37,14,2,No,0,-1,No
2025-11-19,9,2025-09-19,2025-11-18,Yes,1-9-11-18-22,5,11-14-30-34-37,14,1,No,0,-1,No
2025-11-21,1,2025-09-19,2025-11-19,Yes,1-24-30-33-37,10,7-17-21-27-28,8,0,No,0,-1,No
2025-11-21,2,2025-09-19,2025-11-19,Yes,2-10-11-18-23,5,7-17-21-27-28,8,0,No,0,-1,No
2025-11-21,3,2025-09-19,2025-11-19,Yes,1-11-26-37-38,8,7-17-21-27-28,8,0,Yes,3,2,Yes
2025-11-21,4,2025-09-19,2025-11-19,Yes,5-6-13-16-37,6,7-17-21-27-28,8,0,No,0,-1,No
2025-11-21,5,2025-09-19,2025-11-19,Yes,26-28-34-36-39,10,7-17-21-27-28,8,1,No,0,-1,No
2025-11-21,6,2025-09-19,2025-11-19,Yes,6-7-10-15-37,5,7-17-21-27-28,8,1,No,0,-1,No
2025-11-21,7,2025-09-19,2025-11-19,Yes,1-14-23-24-38,6,7-17-21-27-28,8,0,No,0,-1,No
2025-11-21,8,2025-09-19,2025-11-19,Yes,5-8-26-28-35,10,7-17-21-27-28,8,1,No,0,-1,No
2025-11-21,9,2025-09-19,2025-11-19,Yes,2-3-9-25-28,5,7-17-21-27-28,8,1,No,0,-1,No
2025-11-22,1,2025-09-19,2025-11-21,Yes,26-28-34-36-39,10,7-10-17-21-30,5,0,No,0,-1,No
2025-11-22,2,2025-09-19,2025-11-21,Yes,1-11-26-37-38,8,7-10-17-21-30,5,0,No,0,-1,No
2025-11-22,3,2025-09-19,2025-11-21,Yes,6-7-10-15-37,5,7-10-17-21-30,5,2,Yes,10,9,Yes
2025-11-22,4,2025-09-19,2025-11-21,Yes,5-11-16-20-26,6,7-10-17-21-30,5,0,No,0,-1,No
2025-11-22,5,2025-09-19,2025-11-21,Yes,4-6-22-34-36,10,7-10-17-21-30,5,0,No,0,-1,No
2025-11-22,6,2025-09-19,2025-11-21,Yes,8-21-23-24-27,5,7-10-17-21-30,5,1,Yes,5,4,Yes
2025-11-22,7,2025-09-19,2025-11-21,Yes,1-3-16-23-26,8,7-10-17-21-30,5,0,No,0,-1,No
2025-11-22,8,2025-09-19,2025-11-21,Yes,1-22-29-33-37,10,7-10-17-21-30,5,0,No,0,-1,No
2025-11-22,9,2025-09-19,2025-11-21,Yes,2-3-9-25-28,5,7-10-17-21-30,5,0,Yes,3,2,Yes
2025-11-25,1,2025-09-19,2025-11-22,Yes,6-7-10-15-37,5,23-25-32-35-38,3,0,No,0,-1,No
2025-11-25,2,2025-09-19,2025-11-22,Yes,26-28-34-36-39,10,23-25-32-35-38,3,0,No,0,-1,No
2025-11-25,3,2025-09-19,2025-11-22,Yes,1-11-26-37-38,8,23-25-32-35-38,3,1,No,0,-1,No
2025-11-25,4,2025-09-19,2025-11-22,Yes,5-10-16-20-25,6,23-25-32-35-38,3,1,No,0,-1,No
2025-11-25,5,2025-09-19,2025-11-22,Yes,4-5-21-34-36,10,23-25-32-35-38,3,0,No,0,-1,No
2025-11-25,6,2025-09-19,2025-11-22,Yes,2-10-11-18-23,5,23-25-32-35-38,3,1,No,0,-1,No
2025-11-25,7,2025-09-19,2025-11-22,Yes,4-8-13-17-37,8,23-25-32-35-38,3,0,No,0,-1,No
2025-11-25,8,2025-09-19,2025-11-22,Yes,7-16-26-29-35,10,23-25-32-35-38,3,1,No,0,-1,No
2025-11-25,9,2025-09-19,2025-11-22,Yes,13-26-28-30-36,5,23-25-32-35-38,3,0,No,0,-1,No
2025-11-26,1,2025-09-19,2025-11-25,Yes,26-28-34-37-39,10,15-27-30-37-39,10,2,Yes,10,9,Yes
2025-11-26,2,2025-09-19,2025-11-25,Yes,7-8-10-16-38,5,15-27-30-37-39,10,0,No,0,-1,No
2025-11-26,3,2025-09-19,2025-11-25,Yes,1-11-26-37-38,8,15-27-30-37-39,10,1,No,0,-1,No
2025-11-26,4,2025-09-19,2025-11-25,Yes,5-11-16-20-26,6,15-27-30-37-39,10,0,No,0,-1,No
2025-11-26,5,2025-09-19,2025-11-25,Yes,7-8-10-15-37,5,15-27-30-37-39,10,2,No,0,-1,No
2025-11-26,6,2025-09-19,2025-11-25,Yes,2-10-13-14-35,10,15-27-30-37-39,10,0,Yes,3,2,Yes
2025-11-26,7,2025-09-19,2025-11-25,Yes,1-6-7-11-28,8,15-27-30-37-39,10,0,No,0,-1,No
2025-11-26,8,2025-09-19,2025-11-25,Yes,2-10-11-18-24,5,15-27-30-37-39,10,0,No,0,-1,No
2025-11-26,9,2025-09-19,2025-11-25,Yes,4-5-21-34-37,10,15-27-30-37-39,10,1,Yes,5,4,Yes
2025-11-28,1,2025-09-19,2025-11-26,Yes,4-11-13-25-34,10,6-8-11-29-32,3,1,No,0,-1,No
2025-11-28,2,2025-09-19,2025-11-26,Yes,7-8-10-16-38,5,6-8-11-29-32,3,1,No,0,-1,No
2025-11-28,3,2025-09-19,2025-11-26,Yes,1-11-26-37-38,8,6-8-11-29-32,3,1,No,0,-1,No
2025-11-28,4,2025-09-19,2025-11-26,Yes,3-20-23-37-39,6,6-8-11-29-32,3,0,No,0,-1,No
2025-11-28,5,2025-09-19,2025-11-26,Yes,14-15-16-22-39,10,6-8-11-29-32,3,0,No,0,-1,No
2025-11-28,6,2025-09-19,2025-11-26,Yes,20-23-26-32-34,5,6-8-11-29-32,3,1,No,0,-1,No
2025-11-28,7,2025-09-19,2025-11-26,Yes,1-6-7-11-28,8,6-8-11-29-32,3,2,No,0,-1,No
2025-11-28,8,2025-09-19,2025-11-26,Yes,2-10-13-14-35,10,6-8-11-29-32,3,0,No,0,-1,No
2025-11-28,9,2025-09-19,2025-11-26,Yes,2-10-11-18-24,5,6-8-11-29-32,3,1,No,0,-1,No
2025-11-29,1,2025-09-19,2025-11-28,Yes,4-11-13-25-34,10,4-5-6-13-32,3,2,No,0,-1,No
2025-11-29,2,2025-09-19,2025-11-28,Yes,7-8-10-16-38,5,4-5-6-13-32,3,0,No,0,-1,No
2025-11-29,3,2025-09-19,2025-11-28,Yes,1-11-26-37-38,8,4-5-6-13-32,3,0,No,0,-1,No
2025-11-29,4,2025-09-19,2025-11-28,Yes,5-6-13-17-37,6,4-5-6-13-32,3,3,No,10,9,Yes
2025-11-29,5,2025-09-19,2025-11-28,Yes,14-15-16-22-39,10,4-5-6-13-32,3,0,No,0,-1,No
2025-11-29,6,2025-09-19,2025-11-28,Yes,20-23-26-32-34,5,4-5-6-13-32,3,1,No,0,-1,No
2025-11-29,7,2025-09-19,2025-11-28,Yes,3-20-21-32-37,8,4-5-6-13-32,3,1,No,0,-1,No
2025-11-29,8,2025-09-19,2025-11-28,Yes,1-7-19-29-37,10,4-5-6-13-32,3,0,No,0,-1,No
2025-11-29,9,2025-09-19,2025-11-28,Yes,2-10-11-18-24,5,4-5-6-13-32,3,0,No,0,-1,No
2025-12-02,1,2025-09-19,2025-11-29,No,4-11-13-25-33,10,11-13-32-33-36,8,3,No,10,9,Yes
2025-12-02,2,2025-09-19,2025-11-29,No,6-7-10-16-38,5,11-13-32-33-36,8,0,No,0,-1,No
2025-12-02,3,2025-09-19,2025-11-29,No,1-11-26-37-38,8,11-13-32-33-36,8,1,Yes,5,4,Yes
2025-12-02,4,2025-09-19,2025-11-29,No,4-11-15-30-37,3,11-13-32-33-36,8,1,No,0,-1,No
2025-12-02,5,2025-09-19,2025-11-29,No,5-8-27-29-35,10,11-13-32-33-36,8,0,No,0,-1,No
2025-12-02,6,2025-09-19,2025-11-29,No,20-23-26-32-34,5,11-13-32-33-36,8,1,No,0,-1,No
2025-12-02,7,2025-09-19,2025-11-29,No,6-8-21-32-38,3,11-13-32-33-36,8,1,No,0,-1,No
2025-12-02,8,2025-09-19,2025-11-29,No,13-14-15-21-39,10,11-13-32-33-36,8,1,No,0,-1,No
2025-12-02,9,2025-09-19,2025-11-29,No,5-6-13-17-37,6,11-13-32-33-36,8,1,No,0,-1,No
2025-12-03,1,2025-09-19,2025-12-02,Yes,4-11-13-26-34,10,4-6-9-21-32,7,1,No,0,-1,No
2025-12-03,2,2025-09-19,2025-12-02,Yes,6-7-10-15-37,5,4-6-9-21-32,7,1,No,0,-1,No
2025-12-03,3,2025-09-19,2025-12-02,Yes,1-11-26-37-38,8,4-6-9-21-32,7,0,No,0,-1,No
2025-12-03,4,2025-09-19,2025-12-02,Yes,6-8-21-32-38,3,4-6-9-21-32,7,3,No,10,9,Yes
2025-12-03,5,2025-09-19,2025-12-02,Yes,4-11-13-25-33,10,4-6-9-21-32,7,1,No,0,-1,No
2025-12-03,6,2025-09-19,2025-12-02,Yes,20-23-26-32-34,5,4-6-9-21-32,7,1,No,0,-1,No
2025-12-03,7,2025-09-19,2025-12-02,Yes,3-20-21-32-37,8,4-6-9-21-32,7,2,No,0,-1,No
2025-12-03,8,2025-09-19,2025-12-02,Yes,2-10-13-14-35,10,4-6-9-21-32,7,0,No,0,-1,No
2025-12-03,9,2025-09-19,2025-12-02,Yes,2-3-16-23-26,8,4-6-9-21-32,7,0,No,0,-1,No
2025-12-05,1,2025-09-19,2025-12-03,No,4-6-15-36-38,10,3-10-17-21-27,11,0,No,0,-1,No
2025-12-05,2,2025-09-19,2025-12-03,No,1-11-26-37-38,8,3-10-17-21-27,11,0,No,0,-1,No
2025-12-05,3,2025-09-19,2025-12-03,No,6-7-10-15-37,5,3-10-17-21-27,11,1,No,0,-1,No
2025-12-05,4,2025-09-19,2025-12-03,No,6-8-21-32-38,3,3-10-17-21-27,11,1,No,0,-1,No
2025-12-05,5,2025-09-19,2025-12-03,No,6-18-26-27-28,10,3-10-17-21-27,11,1,No,0,-1,No
2025-12-05,6,2025-09-19,2025-12-03,No,4-20-21-32-37,8,3-10-17-21-27,11,1,No,0,-1,No
2025-12-05,7,2025-09-19,2025-12-03,No,20-23-26-32-34,5,3-10-17-21-27,11,0,No,0,-1,No
2025-12-05,8,2025-09-19,2025-12-03,No,4-10-12-25-33,10,3-10-17-21-27,11,1,No,0,-1,No
2025-12-05,9,2025-09-19,2025-12-03,No,11-13-32-35-39,6,3-10-17-21-27,11,0,No,0,-1,No
2025-12-06,1,2025-09-19,2025-12-05,No,13-14-15-21-39,10,11-30-31-36-39,1,1,No,0,-1,No
2025-12-06,2,2025-09-19,2025-12-05,No,1-11-26-37-38,8,11-30-31-36-39,1,1,No,0,-1,No
2025-12-06,3,2025-09-19,2025-12-05,No,6-7-10-15-37,5,11-30-31-36-39,1,0,No,0,-1,No
2025-12-06,4,2025-09-19,2025-12-05,No,6-8-21-32-38,3,11-30-31-36-39,1,0,No,0,-1,No
2025-12-06,5,2025-09-19,2025-12-05,No,4-10-12-24-33,10,11-30-31-36-39,1,0,No,0,-1,No
2025-12-06,6,2025-09-19,2025-12-05,No,4-20-21-32-37,8,11-30-31-36-39,1,0,No,0,-1,No
2025-12-06,7,2025-09-19,2025-12-05,No,11-17-27-30-38,5,11-30-31-36-39,1,2,No,0,-1,No
2025-12-06,8,2025-09-19,2025-12-05,No,4-6-22-34-36,10,11-30-31-36-39,1,1,No,0,-1,No
2025-12-06,9,2025-09-19,2025-12-05,No,1-3-16-23-26,8,11-30-31-36-39,1,0,No,0,-1,No
2025-12-09,1,2025-09-19,2025-12-06,No,6-18-20-26-33,10,2-3-8-11-14,6,0,No,0,-1,No
2025-12-09,2,2025-09-19,2025-12-06,No,1-11-26-37-38,8,2-3-8-11-14,6,1,No,0,-1,No
2025-12-09,3,2025-09-19,2025-12-06,No,2-10-11-18-24,5,2-3-8-11-14,6,2,No,0,-1,No
2025-12-09,4,2025-09-19,2025-12-06,No,6-8-21-32-38,3,2-3-8-11-14,6,1,No,0,-1,No
2025-12-09,5,2025-09-19,2025-12-06,No,4-11-13-25-33,10,2-3-8-11-14,6,1,No,0,-1,No
2025-12-09,6,2025-09-19,2025-12-06,No,4-20-21-32-37,8,2-3-8-11-14,6,0,No,0,-1,No
2025-12-09,7,2025-09-19,2025-12-06,No,20-23-26-32-34,5,2-3-8-11-14,6,0,No,0,-1,No
2025-12-09,8,2025-09-19,2025-12-06,No,7-17-27-30-35,10,2-3-8-11-14,6,0,No,0,-1,No
2025-12-09,9,2025-09-19,2025-12-06,No,7-8-10-15-38,5,2-3-8-11-14,6,1,No,0,-1,No
2025-12-10,1,2025-09-19,2025-12-09,No,4-10-11-26-33,10,14-19-26-28-35,6,1,No,0,-1,No
2025-12-10,2,2025-09-19,2025-12-09,No,3-20-21-32-37,8,14-19-26-28-35,6,0,No,0,-1,No
2025-12-10,3,2025-09-19,2025-12-09,No,6-7-10-15-37,5,14-19-26-28-35,6,0,No,0,-1,No
2025-12-10,4,2025-09-19,2025-12-09,No,11-13-32-35-39,6,14-19-26-28-35,6,1,Yes,5,4,Yes
2025-12-10,5,2025-09-19,2025-12-09,No,4-5-21-34-36,10,14-19-26-28-35,6,0,No,0,-1,No
2025-12-10,6,2025-09-19,2025-12-09,No,1-11-26-37-38,8,14-19-26-28-35,6,1,No,0,-1,No
2025-12-10,7,2025-09-19,2025-12-09,No,11-17-27-30-38,5,14-19-26-28-35,6,0,No,0,-1,No
2025-12-10,8,2025-09-19,2025-12-09,No,6-11-15-18-28,10,14-19-26-28-35,6,1,No,0,-1,No
2025-12-10,9,2025-09-19,2025-12-09,No,11-15-27-32-34,5,14-19-26-28-35,6,0,No,0,-1,No
2025-12-12,1,2025-09-19,2025-12-10,No,6-11-15-18-28,10,2-13-15-20-26,9,1,No,0,-1,No
2025-12-12,2,2025-09-19,2025-12-10,No,1-11-26-37-38,8,2-13-15-20-26,9,1,No,0,-1,No
2025-12-12,3,2025-09-19,2025-12-10,No,4-5-10-23-32,6,2-13-15-20-26,9,0,No,0,-1,No
2025-12-12,4,2025-09-19,2025-12-10,No,6-7-10-15-37,5,2-13-15-20-26,9,1,No,0,-1,No
2025-12-12,5,2025-09-19,2025-12-10,No,4-5-21-34-36,10,2-13-15-20-26,9,0,No,0,-1,No
2025-12-12,6,2025-09-19,2025-12-10,No,11-13-31-35-39,6,2-13-15-20-26,9,1,No,0,-1,No
2025-12-12,7,2025-09-19,2025-12-10,No,3-20-21-32-37,8,2-13-15-20-26,9,1,No,0,-1,No
2025-12-12,8,2025-09-19,2025-12-10,No,7-17-27-29-35,10,2-13-15-20-26,9,0,No,0,-1,No
2025-12-12,9,2025-09-19,2025-12-10,No,15-21-25-31-37,6,2-13-15-20-26,9,1,No,0,-1,No
2025-12-13,1,2025-09-19,2025-12-12,No,4-11-13-25-33,10,12-19-21-29-37,9,0,No,0,-1,No
2025-12-13,2,2025-09-19,2025-12-12,No,5-6-13-16-37,6,12-19-21-29-37,9,1,No,0,-1,No
2025-12-13,3,2025-09-19,2025-12-12,No,1-11-26-37-38,8,12-19-21-29-37,9,1,No,0,-1,No
2025-12-13,4,2025-09-19,2025-12-12,No,6-7-10-15-37,5,12-19-21-29-37,9,1,No,0,-1,No
2025-12-13,5,2025-09-19,2025-12-12,No,4-6-21-34-36,10,12-19-21-29-37,9,1,No,0,-1,No
2025-12-13,6,2025-09-19,2025-12-12,No,2-11-20-31-32,6,12-19-21-29-37,9,0,No,0,-1,No
2025-12-13,7,2025-09-19,2025-12-12,No,20-23-26-32-34,5,12-19-21-29-37,9,0,No,0,-1,No
2025-12-13,8,2025-09-19,2025-12-12,No,2-9-12-13-35,10,12-19-21-29-37,9,1,No,0,-1,No
2025-12-13,9,2025-09-19,2025-12-12,No,3-21-25-31-37,6,12-19-21-29-37,9,2,No,0,-1,No
2025-12-16,1,2025-09-19,2025-12-13,No,4-11-13-26-33,10,1-9-13-29-34,7,1,No,0,-1,No
2025-12-16,2,2025-09-19,2025-12-13,No,4-20-21-32-37,8,1-9-13-29-34,7,0,No,0,-1,No
2025-12-16,3,2025-09-19,2025-12-13,No,6-7-10-15-37,5,1-9-13-29-34,7,0,No,0,-1,No
2025-12-16,4,2025-09-19,2025-12-13,No,11-13-31-35-39,6,1-9-13-29-34,7,1,No,0,-1,No
2025-12-16,5,2025-09-19,2025-12-13,No,2-21-26-27-31,10,1-9-13-29-34,7,0,No,0,-1,No
2025-12-16,6,2025-09-19,2025-12-13,No,1-11-26-36-38,8,1-9-13-29-34,7,1,No,0,-1,No
2025-12-16,7,2025-09-19,2025-12-13,No,3-19-23-37-39,6,1-9-13-29-34,7,0,No,0,-1,No
2025-12-16,8,2025-09-19,2025-12-13,No,2-10-13-14-35,10,1-9-13-29-34,7,1,No,0,-1,No
2025-12-16,9,2025-09-19,2025-12-13,No,5-10-16-20-26,6,1-9-13-29-34,7,0,No,0,-1,No
2025-12-17,1,2025-09-19,2025-12-16,No,4-11-13-26-33,10,12-18-25-32-38,3,0,No,0,-1,No
2025-12-17,2,2025-09-19,2025-12-16,No,6-7-10-15-37,5,12-18-25-32-38,3,0,No,0,-1,No
2025-12-17,3,2025-09-19,2025-12-16,No,4-20-21-32-37,8,12-18-25-32-38,3,1,No,0,-1,No
2025-12-17,4,2025-09-19,2025-12-16,No,11-13-32-35-39,6,12-18-25-32-38,3,1,No,0,-1,No
2025-12-17,5,2025-09-19,2025-12-16,No,2-12-21-26-31,10,12-18-25-32-38,3,1,No,0,-1,No
2025-12-17,6,2025-09-19,2025-12-16,No,1-11-26-37-38,8,12-18-25-32-38,3,1,No,0,-1,No
2025-12-17,7,2025-09-19,2025-12-16,No,20-23-26-32-34,5,12-18-25-32-38,3,1,No,0,-1,No
2025-12-17,8,2025-09-19,2025-12-16,No,4-6-21-34-36,10,12-18-25-32-38,3,0,No,0,-1,No
2025-12-17,9,2025-09-19,2025-12-16,No,2-10-11-18-24,5,12-18-25-32-38,3,1,No,0,-1,No
2025-12-19,1,2025-09-19,2025-12-17,No,4-11-13-26-33,10,14-20-24-26-37,5,1,No,0,-1,No
2025-12-19,2,2025-09-19,2025-12-17,No,4-20-21-32-37,8,14-20-24-26-37,5,2,No,0,-1,No
2025-12-19,3,2025-09-19,2025-12-17,No,5-11-16-20-26,6,14-20-24-26-37,5,2,No,0,-1,No
2025-12-19,4,2025-09-19,2025-12-17,No,4-11-15-30-37,3,14-20-24-26-37,5,1,No,0,-1,No
2025-12-19,5,2025-09-19,2025-12-17,No,3-10-13-14-35,10,14-20-24-26-37,5,1,No,0,-1,No
2025-12-19,6,2025-09-19,2025-12-17,No,2-13-21-34-36,3,14-20-24-26-37,5,0,No,0,-1,No
2025-12-19,7,2025-09-19,2025-12-17,No,3-19-23-37-39,6,14-20-24-26-37,5,1,No,0,-1,No
2025-12-19,8,2025-09-19,2025-12-17,No,21-26-27-30-38,10,14-20-24-26-37,5,1,No,0,-1,No
2025-12-19,9,2025-09-19,2025-12-17,No,2-11-19-31-32,6,14-20-24-26-37,5,0,No,0,-1,No
2025-12-20,1,2025-09-19,2025-12-19,No,4-11-13-26-33,10,9-18-19-24-35,13,0,No,0,-1,No
2025-12-20,2,2025-09-19,2025-12-19,No,7-8-11-15-37,5,9-18-19-24-35,13,0,No,0,-1,No
2025-12-20,3,2025-09-19,2025-12-19,No,3-20-21-32-37,8,9-18-19-24-35,13,0,No,0,-1,No
2025-12-20,4,2025-09-19,2025-12-19,No,5-11-16-20-26,6,9-18-19-24-35,13,0,No,0,-1,No
2025-12-20,5,2025-09-19,2025-12-19,No,2-10-11-18-24,5,9-18-19-24-35,13,2,No,0,-1,No
2025-12-20,6,2025-09-19,2025-12-19,No,28-29-34-36-39,10,9-18-19-24-35,13,0,No,0,-1,No
2025-12-20,7,2025-09-19,2025-12-19,No,1-11-26-36-38,8,9-18-19-24-35,13,0,No,0,-1,No
2025-12-20,8,2025-09-19,2025-12-19,No,2-13-21-34-35,3,9-18-19-24-35,13,1,No,0,-1,No
2025-12-20,9,2025-09-19,2025-12-19,No,10-14-15-16-18,10,9-18-19-24-35,13,1,No,0,-1,No
2025-12-23,1,2025-09-19,2025-12-20,No,7-8-11-15-37,5,20-21-24-26-35,13,0,No,0,-1,No
2025-12-23,2,2025-09-19,2025-12-20,No,3-10-13-14-35,10,20-21-24-26-35,13,1,No,0,-1,No
2025-12-23,3,2025-09-19,2025-12-20,No,6-11-16-20-26,6,20-21-24-26-35,13,2,No,0,-1,No
2025-12-23,4,2025-09-19,2025-12-20,No,18-21-24-26-32,8,20-21-24-26-35,13,3,No,10,9,Yes
2025-12-23,5,2025-09-19,2025-12-20,No,4-11-13-25-33,10,20-21-24-26-35,13,0,No,0,-1,No
2025-12-23,6,2025-09-19,2025-12-20,No,13-26-29-31-36,5,20-21-24-26-35,13,1,No,0,-1,No
2025-12-23,7,2025-09-19,2025-12-20,No,1-11-26-37-38,8,20-21-24-26-35,13,1,No,0,-1,No
2025-12-23,8,2025-09-19,2025-12-20,No,2-13-21-34-36,3,20-21-24-26-35,13,1,No,0,-1,No
2025-12-23,9,2025-09-19,2025-12-20,No,2-10-11-18-24,5,20-21-24-26-35,13,1,No,0,-1,No
2025-12-24,1,2025-09-19,2025-12-23,No,1-6-9-26-32,10,6-10-11-29-33,9,1,No,0,-1,No
2025-12-24,2,2025-09-19,2025-12-23,No,7-8-11-15-37,5,6-10-11-29-33,9,1,No,0,-1,No
2025-12-24,3,2025-09-19,2025-12-23,No,6-11-16-20-26,6,6-10-11-29-33,9,2,No,0,-1,No
2025-12-24,4,2025-09-19,2025-12-23,No,2-14-21-34-35,3,6-10-11-29-33,9,0,No,0,-1,No
2025-12-24,5,2025-09-19,2025-12-23,No,2-4-16-24-26,8,6-10-11-29-33,9,0,No,0,-1,No
2025-12-24,6,2025-09-19,2025-12-23,No,20-23-26-32-34,5,6-10-11-29-33,9,0,No,0,-1,No
2025-12-24,7,2025-09-19,2025-12-23,No,8-17-27-29-35,10,6-10-11-29-33,9,1,No,0,-1,No
2025-12-24,8,2025-09-19,2025-12-23,No,4-20-21-32-37,9,6-10-11-29-33,9,0,Yes,3,2,Yes
2025-12-24,9,2025-09-19,2025-12-23,No,3-10-13-14-34,10,6-10-11-29-33,9,1,No,0,-1,No
2025-12-26,1,2025-09-19,2025-12-24,No,7-8-11-15-37,5,3-7-18-23-31,5,1,Yes,5,4,Yes
2025-12-26,2,2025-09-19,2025-12-24,No,4-11-13-25-33,10,3-7-18-23-31,5,0,No,0,-1,No
2025-12-26,3,2025-09-19,2025-12-24,No,6-11-16-20-26,6,3-7-18-23-31,5,0,No,0,-1,No
2025-12-26,4,2025-09-19,2025-12-24,No,18-21-24-26-32,8,3-7-18-23-31,5,1,No,0,-1,No
2025-12-26,5,2025-09-19,2025-12-24,No,2-13-21-34-35,3,3-7-18-23-31,5,0,No,0,-1,No
2025-12-26,6,2025-09-19,2025-12-24,No,3-10-13-14-34,10,3-7-18-23-31,5,1,No,0,-1,No
2025-12-26,7,2025-09-19,2025-12-24,No,20-23-26-32-34,5,3-7-18-23-31,5,1,Yes,5,4,Yes
2025-12-26,8,2025-09-19,2025-12-24,No,1-6-9-26-32,9,3-7-18-23-31,5,0,No,0,-1,No
2025-12-26,9,2025-09-19,2025-12-24,No,28-29-34-36-39,10,3-7-18-23-31,5,0,No,0,-1,No
2025-12-27,1,2025-09-19,2025-12-26,No,7-8-11-15-37,5,3-21-24-26-33,2,0,No,0,-1,No
2025-12-27,2,2025-09-19,2025-12-26,No,1-6-9-26-32,10,3-21-24-26-33,2,1,No,0,-1,No
2025-12-27,3,2025-09-19,2025-12-26,No,6-11-16-20-26,6,3-21-24-26-33,2,1,No,0,-1,No
2025-12-27,4,2025-09-19,2025-12-26,No,2-3-16-23-26,8,3-21-24-26-33,2,2,No,0,-1,No
2025-12-27,5,2025-09-19,2025-12-26,No,4-11-21-22-31,5,3-21-24-26-33,2,1,No,0,-1,No
2025-12-27,6,2025-09-19,2025-12-26,No,4-11-13-25-33,10,3-21-24-26-33,2,1,No,0,-1,No
2025-12-27,7,2025-09-19,2025-12-26,No,12-13-19-35-37,8,3-21-24-26-33,2,0,No,0,-1,No
2025-12-27,8,2025-09-19,2025-12-26,No,20-23-26-32-34,5,3-21-24-26-33,2,1,No,0,-1,No
2025-12-27,9,2025-09-19,2025-12-26,No,10-14-16-17-18,10,3-21-24-26-33,2,0,No,0,-1,No
2025-12-30,1,2025-09-19,2025-12-27,No,2-10-11-18-24,5,6-7-18-28-35,14,1,No,0,-1,No
2025-12-30,2,2025-09-19,2025-12-27,No,4-11-13-25-33,10,6-7-18-28-35,14,0,No,0,-1,No
2025-12-30,3,2025-09-19,2025-12-27,No,6-11-16-20-26,6,6-7-18-28-35,14,1,No,0,-1,No
2025-12-30,4,2025-09-19,2025-12-27,No,4-20-21-31-37,8,6-7-18-28-35,14,0,No,0,-1,No
2025-12-30,5,2025-09-19,2025-12-27,No,7-8-11-16-37,5,6-7-18-28-35,14,1,No,0,-1,No
2025-12-30,6,2025-09-19,2025-12-27,No,9-14-20-22-24,10,6-7-18-28-35,14,0,No,0,-1,No
2025-12-30,7,2025-09-19,2025-12-27,No,1-11-26-36-38,8,6-7-18-28-35,14,0,No,0,-1,No
2025-12-30,8,2025-09-19,2025-12-27,No,10-14-16-17-19,10,6-7-18-28-35,14,0,No,0,-1,No
2025-12-30,9,2025-09-19,2025-12-27,No,20-23-26-32-34,5,6-7-18-28-35,14,0,No,0,-1,No
2025-12-31,1,2025-09-19,2025-12-30,No,2-10-11-18-24,5,15-18-20-23-27,8,1,No,0,-1,No
2025-12-31,2,2025-09-19,2025-12-30,No,4-11-13-25-33,10,15-18-20-23-27,8,0,No,0,-1,No
2025-12-31,3,2025-09-19,2025-12-30,No,6-11-16-20-26,6,15-18-20-23-27,8,1,No,0,-1,No
2025-12-31,4,2025-09-19,2025-12-30,No,6-9-21-32-37,3,15-18-20-23-27,8,0,No,0,-1,No
2025-12-31,5,2025-09-19,2025-12-30,No,7-8-11-16-37,5,15-18-20-23-27,8,0,No,0,-1,No
2025-12-31,6,2025-09-19,2025-12-30,No,10-14-16-17-19,10,15-18-20-23-27,8,0,No,0,-1,No
2025-12-31,7,2025-09-19,2025-12-30,No,3-20-23-37-38,6,15-18-20-23-27,8,2,No,0,-1,No
2025-12-31,8,2025-09-19,2025-12-30,No,4-20-21-31-37,8,15-18-20-23-27,8,1,Yes,5,4,Yes
2025-12-31,9,2025-09-19,2025-12-30,No,28-29-34-36-39,10,15-18-20-23-27,8,0,No,0,-1,No
2026-01-02,1,2025-09-19,2025-12-31,No,7-8-11-16-37,5,4-12-18-19-32,9,0,No,0,-1,No
2026-01-02,2,2025-09-19,2025-12-31,No,2-3-17-23-26,8,4-12-18-19-32,9,0,No,0,-1,No
2026-01-02,3,2025-09-19,2025-12-31,No,6-12-28-29-37,10,4-12-18-19-32,9,1,No,0,-1,No
2026-01-02,4,2025-09-19,2025-12-31,No,6-11-16-20-26,6,4-12-18-19-32,9,0,No,0,-1,No
2026-01-02,5,2025-09-19,2025-12-31,No,2-10-11-19-24,5,4-12-18-19-32,9,1,No,0,-1,No
2026-01-02,6,2025-09-19,2025-12-31,No,3-20-21-31-37,8,4-12-18-19-32,9,0,No,0,-1,No
2026-01-02,7,2025-09-19,2025-12-31,No,4-11-13-24-33,10,4-12-18-19-32,9,1,No,0,-1,No
2026-01-02,8,2025-09-19,2025-12-31,No,1-6-9-26-32,9,4-12-18-19-32,9,1,Yes,5,4,Yes
2026-01-02,9,2025-09-19,2025-12-31,No,2-10-13-14-34,10,4-12-18-19-32,9,0,No,0,-1,No
2026-01-03,1,2025-09-19,2026-01-02,No,9-13-20-31-38,2,2-3-9-13-38,9,3,No,10,9,Yes
2026-01-03,2,2025-09-19,2026-01-02,No,7-8-11-16-37,5,2-3-9-13-38,9,0,No,0,-1,No
2026-01-03,3,2025-09-19,2026-01-02,No,18-21-24-26-31,8,2-3-9-13-38,9,0,No,0,-1,No
2026-01-03,4,2025-09-19,2026-01-02,No,4-11-13-24-32,10,2-3-9-13-38,9,1,No,0,-1,No
2026-01-03,5,2025-09-19,2026-01-02,No,1-6-9-26-32,9,2-3-9-13-38,9,1,Yes,5,4,Yes
2026-01-03,6,2025-09-19,2026-01-02,No,2-10-12-18-23,5,2-3-9-13-38,9,1,No,0,-1,No
2026-01-03,7,2025-09-19,2026-01-02,No,4-5-6-25-37,10,2-3-9-13-38,9,0,No,0,-1,No
2026-01-03,8,2025-09-19,2026-01-02,No,6-11-16-20-26,6,2-3-9-13-38,9,0,No,0,-1,No
2026-01-03,9,2025-09-19,2026-01-02,No,3-5-11-21-27,5,2-3-9-13-38,9,1,No,0,-1,No
2026-01-06,1,2025-09-19,2026-01-03,No,11-18-27-30-38,5,1-2-16-22-30,4,1,No,0,-1,No
2026-01-06,2,2025-09-19,2026-01-03,No,8-16-26-28-35,9,1-2-16-22-30,4,1,No,0,-1,No
2026-01-06,3,2025-09-19,2026-01-03,No,4-11-13-24-32,10,1-2-16-22-30,4,0,No,0,-1,No
2026-01-06,4,2025-09-19,2026-01-03,No,18-21-24-26-31,8,1-2-16-22-30,4,0,No,0,-1,No
2026-01-06,5,2025-09-19,2026-01-03,No,2-10-11-18-23,5,1-2-16-22-30,4,1,No,0,-1,No
2026-01-06,6,2025-09-19,2026-01-03,No,3-10-13-14-34,9,1-2-16-22-30,4,0,No,0,-1,No
2026-01-06,7,2025-09-19,2026-01-03,No,12-13-19-35-37,8,1-2-16-22-30,4,0,No,0,-1,No
2026-01-06,8,2025-09-19,2026-01-03,No,3-5-6-26-37,6,1-2-16-22-30,4,0,No,0,-1,No
2026-01-06,9,2025-09-19,2026-01-03,No,1-6-9-26-32,9,1-2-16-22-30,4,1,No,0,-1,No
2026-01-07,1,2025-09-19,2026-01-06,No,11-17-26-30-38,5,1-10-13-26-38,6,2,No,0,-1,No
2026-01-07,2,2025-09-19,2026-01-06,No,2-6-22-36-37,9,1-10-13-26-38,6,0,No,0,-1,No
2026-01-07,3,2025-09-19,2026-01-06,No,3-11-13-24-32,10,1-10-13-26-38,6,1,No,0,-1,No
2026-01-07,4,2025-09-19,2026-01-06,No,18-21-24-26-30,8,1-10-13-26-38,6,1,No,0,-1,No
2026-01-07,5,2025-09-19,2026-01-06,No,5-11-21-35-36,5,1-10-13-26-38,6,0,No,0,-1,No
2026-01-07,6,2025-09-19,2026-01-06,No,1-6-9-26-32,9,1-10-13-26-38,6,2,No,0,-1,No
2026-01-07,7,2025-09-19,2026-01-06,No,4-19-20-31-37,8,1-10-13-26-38,6,0,No,0,-1,No
2026-01-07,8,2025-09-19,2026-01-06,No,2-10-11-18-23,5,1-10-13-26-38,6,1,No,0,-1,No
2026-01-07,9,2025-09-19,2026-01-06,No,13-15-16-21-39,9,1-10-13-26-38,6,1,No,0,-1,No
2026-01-09,1,2025-09-19,2026-01-07,No,5-11-21-35-36,5,3-8-15-32-36,5,1,Yes,5,4,Yes
2026-01-09,2,2025-09-19,2026-01-07,No,1-6-9-26-32,9,3-8-15-32-36,5,1,No,0,-1,No
2026-01-09,3,2025-09-19,2026-01-07,No,3-11-13-24-32,10,3-8-15-32-36,5,2,No,0,-1,No
2026-01-09,4,2025-09-19,2026-01-07,No,3-19-23-37-38,6,3-8-15-32-36,5,1,No,0,-1,No
2026-01-09,5,2025-09-19,2026-01-07,No,2-10-11-18-23,5,3-8-15-32-36,5,0,Yes,3,2,Yes
2026-01-09,6,2025-09-19,2026-01-07,No,13-14-15-21-39,9,3-8-15-32-36,5,1,No,0,-1,No
2026-01-09,7,2025-09-19,2026-01-07,No,6-10-15-20-25,6,3-8-15-32-36,5,1,No,0,-1,No
2026-01-09,8,2025-09-19,2026-01-07,No,1-11-26-36-38,8,3-8-15-32-36,5,1,No,0,-1,No
2026-01-09,9,2025-09-19,2026-01-07,No,7-16-26-29-34,9,3-8-15-32-36,5,0,No,0,-1,No
2026-01-10,1,2025-09-19,2026-01-09,No,2-10-11-18-23,5,23-29-31-38-39,5,1,Yes,5,4,Yes
2026-01-10,2,2025-09-19,2026-01-09,No,1-6-9-26-32,9,23-29-31-38-39,5,0,No,0,-1,No
2026-01-10,3,2025-09-19,2026-01-09,No,3-5-6-26-37,6,23-29-31-38-39,5,0,No,0,-1,No
2026-01-10,4,2025-09-19,2026-01-09,No,18-21-24-26-31,8,23-29-31-38-39,5,1,No,0,-1,No
2026-01-10,5,2025-09-19,2026-01-09,No,13-26-29-30-36,5,23-29-31-38-39,5,1,Yes,5,4,Yes
2026-01-10,6,2025-09-19,2026-01-09,No,13-14-15-21-39,9,23-29-31-38-39,5,1,No,0,-1,No
2026-01-10,7,2025-09-19,2026-01-09,No,9-10-20-35-39,6,23-29-31-38-39,5,1,No,0,-1,No
2026-01-10,8,2025-09-19,2026-01-09,No,3-10-12-24-32,10,23-29-31-38-39,5,0,No,0,-1,No
2026-01-10,9,2025-09-19,2026-01-09,No,7-16-26-29-35,9,23-29-31-38-39,5,1,No,0,-1,No
2026-01-13,1,2025-09-19,2026-01-10,No,2-10-11-18-24,5,9-17-18-21-27,7,1,No,0,-1,No
2026-01-13,2,2025-09-19,2026-01-10,No,13-15-16-21-39,9,9-17-18-21-27,7,1,No,0,-1,No
2026-01-13,3,2025-09-19,2026-01-10,No,6-11-16-20-26,6,9-17-18-21-27,7,0,No,0,-1,No
2026-01-13,4,2025-09-19,2026-01-10,No,3-20-21-32-37,8,9-17-18-21-27,7,1,No,0,-1,No
2026-01-13,5,2025-09-19,2026-01-10,No,13-26-29-31-36,5,9-17-18-21-27,7,0,No,0,-1,No
2026-01-13,6,2025-09-19,2026-01-10,No,3-10-13-14-35,9,9-17-18-21-27,7,0,No,0,-1,No
2026-01-13,7,2025-09-19,2026-01-10,No,3-20-23-37-38,6,9-17-18-21-27,7,0,No,0,-1,No
2026-01-13,8,2025-09-19,2026-01-10,No,11-18-21-31-34,5,9-17-18-21-27,7,2,No,0,-1,No
2026-01-13,9,2025-09-19,2026-01-10,No,6-12-15-18-28,9,9-17-18-21-27,7,1,No,0,-1,No
2026-01-14,1,2025-09-19,2026-01-13,No,20-23-26-32-34,5,16-17-22-33-39,6,0,No,0,-1,No
2026-01-14,2,2025-09-19,2026-01-13,No,13-15-16-21-39,9,16-17-22-33-39,6,2,No,0,-1,No
2026-01-14,3,2025-09-19,2026-01-13,No,6-11-16-20-26,6,16-17-22-33-39,6,1,Yes,5,4,Yes
2026-01-14,4,2025-09-19,2026-01-13,No,3-11-13-24-32,10,16-17-22-33-39,6,0,No,0,-1,No
2026-01-14,5,2025-09-19,2026-01-13,No,2-10-12-18-24,5,16-17-22-33-39,6,0,No,0,-1,No
2026-01-14,6,2025-09-19,2026-01-13,No,1-6-9-26-32,9,16-17-22-33-39,6,0,No,0,-1,No
2026-01-14,7,2025-09-19,2026-01-13,No,5-6-13-17-37,6,16-17-22-33-39,6,1,Yes,5,4,Yes
2026-01-14,8,2025-09-19,2026-01-13,No,4-7-18-26-38,8,16-17-22-33-39,6,0,No,0,-1,No
2026-01-14,9,2025-09-19,2026-01-13,No,11-15-30-33-37,5,16-17-22-33-39,6,1,No,0,-1,No
2026-01-16,1,2025-09-19,2026-01-14,No,20-23-26-32-34,5,3-7-27-28-29,12,0,No,0,-1,No
2026-01-16,2,2025-09-19,2026-01-14,No,6-11-16-20-26,6,3-7-27-28-29,12,0,No,0,-1,No
2026-01-16,3,2025-09-19,2026-01-14,No,13-15-16-21-39,9,3-7-27-28-29,12,0,No,0,-1,No
2026-01-16,4,2025-09-19,2026-01-14,No,18-21-24-26-31,8,3-7-27-28-29,12,0,No,0,-1,No
2026-01-16,5,2025-09-19,2026-01-14,No,11-18-27-30-38,5,3-7-27-28-29,12,1,No,0,-1,No
2026-01-16,6,2025-09-19,2026-01-14,No,2-10-12-18-22,6,3-7-27-28-29,12,0,No,0,-1,No
2026-01-16,7,2025-09-19,2026-01-14,No,1-6-9-26-32,9,3-7-27-28-29,12,0,No,0,-1,No
2026-01-16,8,2025-09-19,2026-01-14,No,7-8-11-16-38,5,3-7-27-28-29,12,1,No,0,-1,No
2026-01-16,9,2025-09-19,2026-01-14,No,3-4-11-23-32,6,3-7-27-28-29,12,1,No,0,-1,No
2026-01-17,1,2025-09-19,2026-01-16,No,2-10-11-18-24,5,7-11-12-23-37,7,1,No,0,-1,No
2026-01-17,2,2025-09-19,2026-01-16,No,6-11-16-20-26,6,7-11-12-23-37,7,1,No,0,-1,No
2026-01-17,3,2025-09-19,2026-01-16,No,1-6-9-26-32,9,7-11-12-23-37,7,0,No,0,-1,No
2026-01-17,4,2025-09-19,2026-01-16,No,3-20-21-31-37,8,7-11-12-23-37,7,1,No,0,-1,No
2026-01-17,5,2025-09-19,2026-01-16,No,12-23-30-35-38,5,7-11-12-23-37,7,2,No,0,-1,No
2026-01-17,6,2025-09-19,2026-01-16,No,5-6-13-17-37,6,7-11-12-23-37,7,1,No,0,-1,No
2026-01-17,7,2025-09-19,2026-01-16,No,4-7-18-26-38,8,7-11-12-23-37,7,1,No,0,-1,No
2026-01-17,8,2025-09-19,2026-01-16,No,20-23-26-32-34,5,7-11-12-23-37,7,1,No,0,-1,No
2026-01-17,9,2025-09-19,2026-01-16,No,3-20-24-38-39,6,7-11-12-23-37,7,0,No,0,-1,No
2026-01-20,1,2025-09-19,2026-01-17,No,7-11-21-25-31,5,4-10-13-32-37,10,0,No,0,-1,No
2026-01-20,2,2025-09-19,2026-01-17,No,6-11-16-20-26,6,4-10-13-32-37,10,0,No,0,-1,No
2026-01-20,3,2025-09-19,2026-01-17,No,1-6-9-26-32,9,4-10-13-32-37,10,1,No,0,-1,No
2026-01-20,4,2025-09-19,2026-01-17,No,3-11-13-24-32,10,4-10-13-32-37,10,2,Yes,10,9,Yes
2026-01-20,5,2025-09-19,2026-01-17,No,7-8-10-15-37,5,4-10-13-32-37,10,2,No,0,-1,No
2026-01-20,6,2025-09-19,2026-01-17,No,3-20-23-37-39,6,4-10-13-32-37,10,1,No,0,-1,No
2026-01-20,7,2025-09-19,2026-01-17,No,8-17-27-29-35,9,4-10-13-32-37,10,0,No,0,-1,No
2026-01-20,8,2025-09-19,2026-01-17,No,2-10-12-18-24,5,4-10-13-32-37,10,1,No,0,-1,No
2026-01-20,9,2025-09-19,2026-01-17,No,13-15-16-21-39,9,4-10-13-32-37,10,1,No,0,-1,No
2026-01-21,1,2025-09-19,2026-01-20,No,2-10-11-18-24,5,6-7-13-20-21,4,0,No,0,-1,No
2026-01-21,2,2025-09-19,2026-01-20,No,6-11-16-20-26,6,6-7-13-20-21,4,2,No,0,-1,No
2026-01-21,3,2025-09-19,2026-01-20,No,3-11-13-24-32,10,6-7-13-20-21,4,1,No,0,-1,No
2026-01-21,4,2025-09-19,2026-01-20,No,1-5-8-26-32,9,6-7-13-20-21,4,0,No,0,-1,No
2026-01-21,5,2025-09-19,2026-01-20,No,4-11-21-25-31,5,6-7-13-20-21,4,1,No,0,-1,No
2026-01-21,6,2025-09-19,2026-01-20,No,3-20-23-37-39,6,6-7-13-20-21,4,1,No,0,-1,No
2026-01-21,7,2025-09-19,2026-01-20,No,7-13-14-25-37,10,6-7-13-20-21,4,2,No,0,-1,No
2026-01-21,8,2025-09-19,2026-01-20,No,20-23-26-32-34,5,6-7-13-20-21,4,1,No,0,-1,No
2026-01-21,9,2025-09-19,2026-01-20,No,1-9-12-18-22,6,6-7-13-20-21,4,0,No,0,-1,No
2026-01-23,1,2025-09-19,2026-01-21,No,20-23-26-32-34,5,7-15-18-26-32,3,2,No,0,-1,No
2026-01-23,2,2025-09-19,2026-01-21,No,6-11-16-20-26,6,7-15-18-26-32,3,1,No,0,-1,No
2026-01-23,3,2025-09-19,2026-01-21,No,3-11-13-24-32,10,7-15-18-26-32,3,1,No,0,-1,No
2026-01-23,4,2025-09-19,2026-01-21,No,1-6-9-26-32,9,7-15-18-26-32,3,2,No,0,-1,No
2026-01-23,5,2025-09-19,2026-01-21,No,11-21-25-31-38,5,7-15-18-26-32,3,0,No,0,-1,No
2026-01-23,6,2025-09-19,2026-01-21,No,3-20-23-37-39,6,7-15-18-26-32,3,0,No,0,-1,No
2026-01-23,7,2025-09-19,2026-01-21,No,13-15-16-21-39,9,7-15-18-26-32,3,1,No,0,-1,No
2026-01-23,8,2025-09-19,2026-01-21,No,2-10-11-18-23,5,7-15-18-26-32,3,1,No,0,-1,No
2026-01-23,9,2025-09-19,2026-01-21,No,4-9-13-18-36,9,7-15-18-26-32,3,1,No,0,-1,No
2026-01-24,1,2025-09-19,2026-01-23,No,2-10-11-18-23,5,3-15-22-29-39,5,0,Yes,3,2,Yes
2026-01-24,2,2025-09-19,2026-01-23,No,6-10-16-20-26,6,3-15-22-29-39,5,0,No,0,-1,No
2026-01-24,3,2025-09-19,2026-01-23,No,4-11-13-24-32,10,3-15-22-29-39,5,0,No,0,-1,No
2026-01-24,4,2025-09-19,2026-01-23,No,1-6-9-26-32,9,3-15-22-29-39,5,0,No,0,-1,No
2026-01-24,5,2025-09-19,2026-01-23,No,7-8-10-15-37,5,3-15-22-29-39,5,1,Yes,5,4,Yes
2026-01-24,6,2025-09-19,2026-01-23,No,3-20-23-37-39,6,3-15-22-29-39,5,2,No,0,-1,No
2026-01-24,7,2025-09-19,2026-01-23,No,2-7-8-18-29,10,3-15-22-29-39,5,1,No,0,-1,No
2026-01-24,8,2025-09-19,2026-01-23,No,18-21-24-26-31,8,3-15-22-29-39,5,0,No,0,-1,No
2026-01-24,9,2025-09-19,2026-01-23,No,13-14-25-37-38,10,3-15-22-29-39,5,0,No,0,-1,No
2026-01-27,1,2025-09-19,2026-01-24,No,20-23-26-32-34,5,14-16-22-27-29,13,0,No,0,-1,No
2026-01-27,2,2025-09-19,2026-01-24,No,3-11-13-24-32,10,14-16-22-27-29,13,0,No,0,-1,No
2026-01-27,3,2025-09-19,2026-01-24,No,6-10-16-20-26,6,14-16-22-27-29,13,1,No,0,-1,No
2026-01-27,4,2025-09-19,2026-01-24,No,13-15-16-21-39,9,14-16-22-27-29,13,1,No,0,-1,No
2026-01-27,5,2025-09-19,2026-01-24,No,2-10-11-18-23,5,14-16-22-27-29,13,0,No,0,-1,No
2026-01-27,6,2025-09-19,2026-01-24,No,3-19-23-37-39,6,14-16-22-27-29,13,0,No,0,-1,No
2026-01-27,7,2025-09-19,2026-01-24,No,1-6-9-26-32,9,14-16-22-27-29,13,0,No,0,-1,No
2026-01-27,8,2025-09-19,2026-01-24,No,7-8-10-15-37,5,14-16-22-27-29,13,0,No,0,-1,No
2026-01-27,9,2025-09-19,2026-01-24,No,18-21-24-26-31,8,14-16-22-27-29,13,0,No,0,-1,No
2026-01-28,1,2025-09-19,2026-01-27,No,20-23-26-32-34,5,3-6-14-22-24,4,0,No,0,-1,No
2026-01-28,2,2025-09-19,2026-01-27,No,6-11-16-20-26,6,3-6-14-22-24,4,1,No,0,-1,No
2026-01-28,3,2025-09-19,2026-01-27,No,13-15-16-21-39,9,3-6-14-22-24,4,0,No,0,-1,No
2026-01-28,4,2025-09-19,2026-01-27,No,4-11-13-24-32,10,3-6-14-22-24,4,1,No,0,-1,No
2026-01-28,5,2025-09-19,2026-01-27,No,2-10-11-18-24,5,3-6-14-22-24,4,1,No,0,-1,No
2026-01-28,6,2025-09-19,2026-01-27,No,1-6-9-26-32,9,3-6-14-22-24,4,1,No,0,-1,No
2026-01-28,7,2025-09-19,2026-01-27,No,13-25-27-29-37,10,3-6-14-22-24,4,0,No,0,-1,No
2026-01-28,8,2025-09-19,2026-01-27,No,7-8-10-15-37,5,3-6-14-22-24,4,0,No,0,-1,No
2026-01-28,9,2025-09-19,2026-01-27,No,3-10-13-14-34,10,3-6-14-22-24,4,2,No,0,-1,No
2026-01-30,1,2025-09-19,2026-01-28,No,20-23-26-32-34,5,24-29-36-38-39,13,0,No,0,-1,No
2026-01-30,2,2025-09-19,2026-01-28,No,3-11-13-24-32,10,24-29-36-38-39,13,1,No,0,-1,No
2026-01-30,3,2025-09-19,2026-01-28,No,6-13-20-37-38,6,24-29-36-38-39,13,1,No,0,-1,No
2026-01-30,4,2025-09-19,2026-01-28,No,1-6-9-26-32,9,24-29-36-38-39,13,0,No,0,-1,No
2026-01-30,5,2025-09-19,2026-01-28,No,7-8-10-15-37,5,24-29-36-38-39,13,0,No,0,-1,No
2026-01-30,6,2025-09-19,2026-01-28,No,10-14-16-17-18,10,24-29-36-38-39,13,0,No,0,-1,No
2026-01-30,7,2025-09-19,2026-01-28,No,3-4-11-22-32,6,24-29-36-38-39,13,0,No,0,-1,No
2026-01-30,8,2025-09-19,2026-01-28,No,11-21-23-25-31,5,24-29-36-38-39,13,0,No,0,-1,No
2026-01-30,9,2025-09-19,2026-01-28,No,2-7-8-18-29,10,24-29-36-38-39,13,1,No,0,-1,No
2026-01-31,1,2025-09-19,2026-01-30,No,20-23-26-32-34,5,2-11-14-27-39,1,0,No,0,-1,No
2026-01-31,2,2025-09-19,2026-01-30,No,6-13-21-37-38,6,2-11-14-27-39,1,0,No,0,-1,No
2026-01-31,3,2025-09-19,2026-01-30,No,4-11-13-24-32,10,2-11-14-27-39,1,1,No,0,-1,No
2026-01-31,4,2025-09-19,2026-01-30,No,1-6-9-26-32,9,2-11-14-27-39,1,0,No,0,-1,No
2026-01-31,5,2025-09-19,2026-01-30,No,2-10-11-18-24,5,2-11-14-27-39,1,2,No,0,-1,No
2026-01-31,6,2025-09-19,2026-01-30,No,6-11-16-20-26,6,2-11-14-27-39,1,1,No,0,-1,No
2026-01-31,7,2025-09-19,2026-01-30,No,10-14-15-16-18,10,2-11-14-27-39,1,1,No,0,-1,No
2026-01-31,8,2025-09-19,2026-01-30,No,11-21-23-25-31,5,2-11-14-27-39,1,1,No,0,-1,No
2026-01-31,9,2025-09-19,2026-01-30,No,2-7-8-18-29,10,2-11-14-27-39,1,1,No,0,-1,No
2026-02-03,1,2025-09-19,2026-01-31,No,2-10-11-18-24,5,2-15-20-26-30,14,1,No,0,-1,No
2026-02-03,2,2025-09-19,2026-01-31,No,6-13-21-37-38,6,2-15-20-26-30,14,0,No,0,-1,No
2026-02-03,3,2025-09-19,2026-01-31,No,3-11-13-24-32,10,2-15-20-26-30,14,0,No,0,-1,No
2026-02-03,4,2025-09-19,2026-01-31,No,7-17-27-29-35,9,2-15-20-26-30,14,0,No,0,-1,No
2026-02-03,5,2025-09-19,2026-01-31,No,20-23-26-32-34,5,2-15-20-26-30,14,2,No,0,-1,No
2026-02-03,6,2025-09-19,2026-01-31,No,6-11-16-20-26,6,2-15-20-26-30,14,2,No,0,-1,No
2026-02-03,7,2025-09-19,2026-01-31,No,1-6-9-26-32,9,2-15-20-26-30,14,1,No,0,-1,No
2026-02-03,8,2025-09-19,2026-01-31,No,11-21-23-25-31,5,2-15-20-26-30,14,0,No,0,-1,No
2026-02-03,9,2025-09-19,2026-01-31,No,3-20-23-37-39,6,2-15-20-26-30,14,1,No,0,-1,No
2026-02-04,1,2025-09-19,2026-02-03,No,20-23-26-32-34,5,16-29-32-36-37,10,1,No,0,-1,No
2026-02-04,2,2025-09-19,2026-02-03,No,3-11-13-24-32,10,16-29-32-36-37,10,1,Yes,5,4,Yes
2026-02-04,3,2025-09-19,2026-02-03,No,6-13-20-37-38,6,16-29-32-36-37,10,1,No,0,-1,No
2026-02-04,4,2025-09-19,2026-02-03,No,14-15-16-21-39,9,16-29-32-36-37,10,1,No,0,-1,No
2026-02-04,5,2025-09-19,2026-02-03,No,2-10-12-18-24,5,16-29-32-36-37,10,0,No,0,-1,No
2026-02-04,6,2025-09-19,2026-02-03,No,1-6-9-26-32,9,16-29-32-36-37,10,1,No,0,-1,No
2026-02-04,7,2025-09-19,2026-02-03,No,2-7-8-18-29,10,16-29-32-36-37,10,1,Yes,5,4,Yes
2026-02-04,8,2025-09-19,2026-02-03,No,11-21-23-31-33,5,16-29-32-36-37,10,0,No,0,-1,No
2026-02-04,9,2025-09-19,2026-02-03,No,12-20-29-35-36,9,16-29-32-36-37,10,2,No,0,-1,No
2026-02-06,1,2025-09-19,2026-02-04,No,20-24-26-32-34,5,4-14-15-21-39,1,0,No,0,-1,No
2026-02-06,2,2025-09-19,2026-02-04,No,10-14-16-17-18,10,4-14-15-21-39,1,1,No,0,-1,No
2026-02-06,3,2025-09-19,2026-02-04,No,6-13-21-37-38,6,4-14-15-21-39,1,1,No,0,-1,No
2026-02-06,4,2025-09-19,2026-02-04,No,13-20-29-35-36,9,4-14-15-21-39,1,0,No,0,-1,No
2026-02-06,5,2025-09-19,2026-02-04,No,7-8-11-16-38,5,4-14-15-21-39,1,0,No,0,-1,No
2026-02-06,6,2025-09-19,2026-02-04,No,3-11-14-25-32,10,4-14-15-21-39,1,1,No,0,-1,No
2026-02-06,7,2025-09-19,2026-02-04,No,6-11-16-20-26,6,4-14-15-21-39,1,0,No,0,-1,No
2026-02-06,8,2025-09-19,2026-02-04,No,15-20-22-23-25,10,4-14-15-21-39,1,1,No,0,-1,No
2026-02-06,9,2025-09-19,2026-02-04,No,2-11-12-18-24,5,4-14-15-21-39,1,0,No,0,-1,No
2026-02-07,1,2025-09-19,2026-02-06,No,10-11-21-31-33,5,4-12-13-23-29,11,0,No,0,-1,No
2026-02-07,2,2025-09-19,2026-02-06,No,3-11-14-24-32,10,4-12-13-23-29,11,0,No,0,-1,No
2026-02-07,3,2025-09-19,2026-02-06,No,6-13-21-37-38,6,4-12-13-23-29,11,1,No,0,-1,No
2026-02-07,4,2025-09-19,2026-02-06,No,13-15-16-21-39,9,4-12-13-23-29,11,1,No,0,-1,No
2026-02-07,5,2025-09-19,2026-02-06,No,20-23-26-32-34,5,4-12-13-23-29,11,1,No,0,-1,No
2026-02-07,6,2025-09-19,2026-02-06,No,6-11-16-20-26,6,4-12-13-23-29,11,0,No,0,-1,No
2026-02-07,7,2025-09-19,2026-02-06,No,10-14-16-17-18,10,4-12-13-23-29,11,0,No,0,-1,No
2026-02-07,8,2025-09-19,2026-02-06,No,2-10-12-18-24,5,4-12-13-23-29,11,1,No,0,-1,No
2026-02-07,9,2025-09-19,2026-02-06,No,4-6-22-33-36,10,4-12-13-23-29,11,1,No,0,-1,No
2026-02-10,1,2025-09-19,2026-02-07,No,7-8-11-15-38,5,2-8-14-32-35,2,1,No,0,-1,No
2026-02-10,2,2025-09-19,2026-02-07,No,10-14-16-17-18,10,2-8-14-32-35,2,1,No,0,-1,No
2026-02-10,3,2025-09-19,2026-02-07,No,6-13-21-37-38,6,2-8-14-32-35,2,0,No,0,-1,No
2026-02-10,4,2025-09-19,2026-02-07,No,13-15-16-21-39,9,2-8-14-32-35,2,0,No,0,-1,No
2026-02-10,5,2025-09-19,2026-02-07,No,20-23-26-32-34,5,2-8-14-32-35,2,1,No,0,-1,No
2026-02-10,6,2025-09-19,2026-02-07,No,4-11-13-24-32,10,2-8-14-32-35,2,1,No,0,-1,No
2026-02-10,7,2025-09-19,2026-02-07,No,6-11-16-20-26,6,2-8-14-32-35,2,0,No,0,-1,No
2026-02-10,8,2025-09-19,2026-02-07,No,2-10-12-18-24,5,2-8-14-32-35,2,1,No,0,-1,No
2026-02-10,9,2025-09-19,2026-02-07,No,7-17-27-29-35,10,2-8-14-32-35,2,1,No,0,-1,No
2026-02-11,1,2025-09-19,2026-02-10,No,20-23-26-32-34,5,20-21-24-36-39,3,1,No,0,-1,No
2026-02-11,2,2025-09-19,2026-02-10,No,3-11-13-24-32,10,20-21-24-36-39,3,1,No,0,-1,No
2026-02-11,3,2025-09-19,2026-02-10,No,6-11-16-21-26,6,20-21-24-36-39,3,1,No,0,-1,No
2026-02-11,4,2025-09-19,2026-02-10,No,14-15-16-21-39,9,20-21-24-36-39,3,2,No,0,-1,No
2026-02-11,5,2025-09-19,2026-02-10,No,7-8-11-15-38,5,20-21-24-36-39,3,0,No,0,-1,No
2026-02-11,6,2025-09-19,2026-02-10,No,2-8-13-33-37,6,20-21-24-36-39,3,0,No,0,-1,No
2026-02-11,7,2025-09-19,2026-02-10,No,10-14-16-17-18,10,20-21-24-36-39,3,0,No,0,-1,No
2026-02-11,8,2025-09-19,2026-02-10,No,3-20-23-38-39,5,20-21-24-36-39,3,2,No,0,-1,No
2026-02-11,9,2025-09-19,2026-02-10,No,2-15-16-25-29,10,20-21-24-36-39,3,0,No,0,-1,No
2026-02-13,1,2025-09-19,2026-02-11,No,3-20-23-38-39,5,1-11-13-16-27,8,0,No,0,-1,No
2026-02-13,2,2025-09-19,2026-02-11,No,10-14-16-17-18,10,1-11-13-16-27,8,1,No,0,-1,No
2026-02-13,3,2025-09-19,2026-02-11,No,6-13-21-37-38,6,1-11-13-16-27,8,1,No,0,-1,No
2026-02-13,4,2025-09-19,2026-02-11,No,12-21-29-35-36,9,1-11-13-16-27,8,0,No,0,-1,No
2026-02-13,5,2025-09-19,2026-02-11,No,2-11-20-31-32,5,1-11-13-16-27,8,1,No,0,-1,No
2026-02-13,6,2025-09-19,2026-02-11,No,6-11-16-20-26,6,1-11-13-16-27,8,2,No,0,-1,No
2026-02-13,7,2025-09-19,2026-02-11,No,4-6-15-36-38,10,1-11-13-16-27,8,0,No,0,-1,No
2026-02-13,8,2025-09-19,2026-02-11,No,3-10-14-15-35,10,1-11-13-16-27,8,0,No,0,-1,No
2026-02-13,9,2025-09-19,2026-02-11,No,11-24-31-33-37,5,1-11-13-16-27,8,1,No,0,-1,No
2026-02-14,1,2025-09-19,2026-02-13,No,2-11-20-30-32,5,14-20-22-31-39,5,1,Yes,5,4,Yes
2026-02-14,2,2025-09-19,2026-02-13,No,10-14-16-17-18,10,14-20-22-31-39,5,1,No,0,-1,No
2026-02-14,3,2025-09-19,2026-02-13,No,6-13-21-37-38,6,14-20-22-31-39,5,0,No,0,-1,No
2026-02-14,4,2025-09-19,2026-02-13,No,4-7-18-26-39,8,14-20-22-31-39,5,1,No,0,-1,No
2026-02-14,5,2025-09-19,2026-02-13,No,3-11-13-24-32,10,14-20-22-31-39,5,0,No,0,-1,No
2026-02-14,6,2025-09-19,2026-02-13,No,3-20-23-38-39,5,14-20-22-31-39,5,2,Yes,10,9,Yes
2026-02-14,7,2025-09-19,2026-02-13,No,6-11-16-20-26,6,14-20-22-31-39,5,1,No,0,-1,No
2026-02-14,8,2025-09-19,2026-02-13,No,13-15-16-21-39,9,14-20-22-31-39,5,1,No,0,-1,No
2026-02-14,9,2025-09-19,2026-02-13,No,11-23-31-33-37,5,14-20-22-31-39,5,1,Yes,5,4,Yes
2026-02-17,1,2025-09-19,2026-02-14,No,11-23-25-31-37,5,14-29-32-36-38,11,0,No,0,-1,No
2026-02-17,2,2025-09-19,2026-02-14,No,4-12-13-24-32,10,14-29-32-36-38,11,1,No,0,-1,No
2026-02-17,3,2025-09-19,2026-02-14,No,14-16-20-29-38,3,14-29-32-36-38,11,3,No,10,9,Yes
2026-02-17,4,2025-09-19,2026-02-14,No,6-13-21-37-38,6,14-29-32-36-38,11,1,No,0,-1,No
2026-02-17,5,2025-09-19,2026-02-14,No,2-3-9-26-28,5,14-29-32-36-38,11,0,No,0,-1,No
2026-02-17,6,2025-09-19,2026-02-14,No,3-10-14-15-35,10,14-29-32-36-38,11,1,No,0,-1,No
2026-02-17,7,2025-09-19,2026-02-14,No,6-11-16-20-26,6,14-29-32-36-38,11,0,No,0,-1,No
2026-02-17,8,2025-09-19,2026-02-14,No,3-20-23-38-39,5,14-29-32-36-38,11,1,No,0,-1,No
2026-02-17,9,2025-09-19,2026-02-14,No,4-7-18-26-39,8,14-29-32-36-38,11,0,No,0,-1,No
2026-02-18,1,2025-09-19,2026-02-17,No,2-3-9-26-28,5,11-15-17-27-34,6,0,No,0,-1,No
2026-02-18,2,2025-09-19,2026-02-17,No,27-29-34-36-39,10,11-15-17-27-34,6,2,No,0,-1,No
2026-02-18,3,2025-09-19,2026-02-17,No,6-13-21-37-38,6,11-15-17-27-34,6,0,Yes,3,2,Yes
2026-02-18,4,2025-09-19,2026-02-17,No,3-20-21-32-37,8,11-15-17-27-34,6,0,No,0,-1,No
2026-02-18,5,2025-09-19,2026-02-17,No,7-8-11-16-38,5,11-15-17-27-34,6,1,No,0,-1,No
2026-02-18,6,2025-09-19,2026-02-17,No,3-10-14-15-35,10,11-15-17-27-34,6,1,No,0,-1,No
2026-02-18,7,2025-09-19,2026-02-17,No,4-7-18-26-39,8,11-15-17-27-34,6,0,No,0,-1,No
2026-02-18,8,2025-09-19,2026-02-17,No,11-23-25-31-37,5,11-15-17-27-34,6,1,No,0,-1,No
2026-02-18,9,2025-09-19,2026-02-17,No,11-14-16-17-19,10,11-15-17-27-34,6,2,No,0,-1,No
2026-02-20,1,2025-09-19,2026-02-18,No,2-3-9-26-29,5,1-3-4-8-11,3,1,No,0,-1,No
2026-02-20,2,2025-09-19,2026-02-18,No,6-11-16-21-26,6,1-3-4-8-11,3,1,No,0,-1,No
2026-02-20,3,2025-09-19,2026-02-18,No,3-11-14-15-35,10,1-3-4-8-11,3,2,No,0,-1,No
2026-02-20,4,2025-09-19,2026-02-18,No,13-21-29-35-36,9,1-3-4-8-11,3,0,No,0,-1,No
2026-02-20,5,2025-09-19,2026-02-18,No,20-24-26-32-34,5,1-3-4-8-11,3,0,No,0,-1,No
2026-02-20,6,2025-09-19,2026-02-18,No,2-11-20-31-32,6,1-3-4-8-11,3,1,No,0,-1,No
2026-02-20,7,2025-09-19,2026-02-18,No,14-15-16-22-39,9,1-3-4-8-11,3,0,No,0,-1,No
2026-02-20,8,2025-09-19,2026-02-18,No,7-8-11-16-38,5,1-3-4-8-11,3,2,No,0,-1,No
2026-02-20,9,2025-09-19,2026-02-18,No,2-10-13-18-23,6,1-3-4-8-11,3,0,No,0,-1,No
2026-02-21,1,2025-09-19,2026-02-20,No,2-11-20-31-32,5,12-14-32-35-36,12,1,No,0,-1,No
2026-02-21,2,2025-09-19,2026-02-20,No,6-11-16-21-26,6,12-14-32-35-36,12,0,No,0,-1,No
2026-02-21,3,2025-09-19,2026-02-20,No,3-7-14-24-34,3,12-14-32-35-36,12,1,No,0,-1,No
2026-02-21,4,2025-09-19,2026-02-20,No,7-15-19-29-35,10,12-14-32-35-36,12,1,No,0,-1,No
2026-02-21,5,2025-09-19,2026-02-20,No,3-20-23-38-39,5,12-14-32-35-36,12,0,No,0,-1,No
2026-02-21,6,2025-09-19,2026-02-20,No,3-11-14-26-33,10,12-14-32-35-36,12,1,No,0,-1,No
2026-02-21,7,2025-09-19,2026-02-20,No,1-14-23-24-38,6,12-14-32-35-36,12,1,No,0,-1,No
2026-02-21,8,2025-09-19,2026-02-20,No,4-26-31-34-37,5,12-14-32-35-36,12,0,No,0,-1,No
2026-02-21,9,2025-09-19,2026-02-20,No,10-14-15-16-18,10,12-14-32-35-36,12,1,No,0,-1,No
2026-02-24,1,2025-09-19,2026-02-21,No,2-11-20-31-32,5,7-8-11-14-19,13,1,No,0,-1,No
2026-02-24,2,2025-09-19,2026-02-21,No,3-11-14-26-33,10,7-8-11-14-19,13,2,No,0,-1,No
2026-02-24,3,2025-09-19,2026-02-21,No,1-14-23-24-38,6,7-8-11-14-19,13,1,No,0,-1,No
2026-02-24,4,2025-09-19,2026-02-21,No,6-9-20-32-38,3,7-8-11-14-19,13,0,No,0,-1,No
2026-02-24,5,2025-09-19,2026-02-21,No,4-26-31-32-34,5,7-8-11-14-19,13,0,No,0,-1,No
2026-02-24,6,2025-09-19,2026-02-21,No,2-14-21-34-36,3,7-8-11-14-19,13,1,No,0,-1,No
2026-02-24,7,2025-09-19,2026-02-21,No,5-6-13-16-37,6,7-8-11-14-19,13,0,No,0,-1,No
2026-02-24,8,2025-09-19,2026-02-21,No,2-10-12-18-24,5,7-8-11-14-19,13,0,No,0,-1,No
2026-02-24,9,2025-09-19,2026-02-21,No,13-15-19-29-38,3,7-8-11-14-19,13,1,No,0,-1,No
2026-02-25,1,2025-09-19,2026-02-24,No,7-8-11-15-38,5,2-11-21-31-38,5,2,Yes,10,9,Yes
2026-02-25,2,2025-09-19,2026-02-24,No,6-11-16-20-26,6,2-11-21-31-38,5,1,No,0,-1,No
2026-02-25,3,2025-09-19,2026-02-24,No,2-14-21-33-35,3,2-11-21-31-38,5,2,No,0,-1,No
2026-02-25,4,2025-09-19,2026-02-24,No,27-29-34-36-39,10,2-11-21-31-38,5,0,No,0,-1,No
2026-02-25,5,2025-09-19,2026-02-24,No,4-21-26-31-34,5,2-11-21-31-38,5,2,Yes,10,9,Yes
2026-02-25,6,2025-09-19,2026-02-24,No,3-4-11-23-32,6,2-11-21-31-38,5,1,No,0,-1,No
2026-02-25,7,2025-09-19,2026-02-24,No,6-9-20-32-38,3,2-11-21-31-38,5,1,No,0,-1,No
2026-02-25,8,2025-09-19,2026-02-24,No,2-11-12-18-23,5,2-11-21-31-38,5,2,Yes,10,9,Yes
2026-02-25,9,2025-09-19,2026-02-24,No,13-15-19-29-38,3,2-11-21-31-38,5,1,No,0,-1,No
2026-02-27,1,2025-09-19,2026-02-25,No,7-8-11-15-38,5,11-16-26-29-34,8,1,No,0,-1,No
2026-02-27,2,2025-09-19,2026-02-25,No,6-11-16-20-26,6,11-16-26-29-34,8,3,No,10,9,Yes
2026-02-27,3,2025-09-19,2026-02-25,No,2-14-21-33-36,3,11-16-26-29-34,8,0,No,0,-1,No
2026-02-27,4,2025-09-19,2026-02-25,No,3-11-14-26-33,10,11-16-26-29-34,8,2,No,0,-1,No
2026-02-27,5,2025-09-19,2026-02-25,No,2-11-19-31-32,5,11-16-26-29-34,8,1,No,0,-1,No
2026-02-27,6,2025-09-19,2026-02-25,No,6-9-20-32-38,3,11-16-26-29-34,8,0,No,0,-1,No
2026-02-27,7,2025-09-19,2026-02-25,No,3-4-11-23-32,6,11-16-26-29-34,8,1,No,0,-1,No
2026-02-27,8,2025-09-19,2026-02-25,No,3-20-23-38-39,5,11-16-26-29-34,8,0,No,0,-1,No
2026-02-27,9,2025-09-19,2026-02-25,No,13-15-19-29-38,3,11-16-26-29-34,8,1,No,0,-1,No
2026-02-28,1,2025-09-19,2026-02-27,No,7-8-11-16-38,5,3-5-7-33-38,5,2,Yes,10,9,Yes
2026-02-28,2,2025-09-19,2026-02-27,No,3-11-14-26-33,10,3-5-7-33-38,5,2,No,0,-1,No
2026-02-28,3,2025-09-19,2026-02-27,No,4-20-21-32-37,8,3-5-7-33-38,5,0,No,0,-1,No
2026-02-28,4,2025-09-19,2026-02-27,No,6-11-16-20-26,6,3-5-7-33-38,5,0,No,0,-1,No
2026-02-28,5,2025-09-19,2026-02-27,No,2-11-12-18-24,5,3-5-7-33-38,5,0,Yes,3,2,Yes
2026-02-28,6,2025-09-19,2026-02-27,No,10-14-15-16-18,10,3-5-7-33-38,5,0,No,0,-1,No
2026-02-28,7,2025-09-19,2026-02-27,No,4-7-17-26-39,8,3-5-7-33-38,5,1,No,0,-1,No
2026-02-28,8,2025-09-19,2026-02-27,No,3-20-23-38-39,5,3-5-7-33-38,5,2,Yes,10,9,Yes
2026-02-28,9,2025-09-19,2026-02-27,No,1-13-19-27-32,10,3-5-7-33-38,5,0,No,0,-1,No
2026-03-03,1,2025-09-19,2026-02-28,No,7-8-11-16-38,5,10-15-16-17-24,12,1,No,0,-1,No
2026-03-03,2,2025-09-19,2026-02-28,No,2-11-20-31-32,6,10-15-16-17-24,12,0,No,0,-1,No
2026-03-03,3,2025-09-19,2026-02-28,No,3-11-13-26-33,10,10-15-16-17-24,12,0,No,0,-1,No
2026-03-03,4,2025-09-19,2026-02-28,No,3-20-21-32-37,8,10-15-16-17-24,12,0,No,0,-1,No
2026-03-03,5,2025-09-19,2026-02-28,No,3-20-23-38-39,5,10-15-16-17-24,12,0,No,0,-1,No
2026-03-03,6,2025-09-19,2026-02-28,No,6-11-16-20-26,6,10-15-16-17-24,12,1,No,0,-1,No
2026-03-03,7,2025-09-19,2026-02-28,No,10-14-15-16-18,10,10-15-16-17-24,12,3,No,10,9,Yes
2026-03-03,8,2025-09-19,2026-02-28,No,2-11-12-18-24,5,10-15-16-17-24,12,1,No,0,-1,No
2026-03-03,9,2025-09-19,2026-02-28,No,4-6-21-34-36,10,10-15-16-17-24,12,0,No,0,-1,No
2026-03-04,1,2025-09-19,2026-03-03,No,7-8-11-15-38,5,17-20-32-35-38,2,1,No,0,-1,No
2026-03-04,2,2025-09-19,2026-03-03,No,6-11-16-20-26,6,17-20-32-35-38,2,1,No,0,-1,No
2026-03-04,3,2025-09-19,2026-03-03,No,2-14-21-33-36,3,17-20-32-35-38,2,0,No,0,-1,No
2026-03-04,4,2025-09-19,2026-03-03,No,3-19-27-32-39,10,17-20-32-35-38,2,1,No,0,-1,No
2026-03-04,5,2025-09-19,2026-03-03,No,2-11-12-18-23,5,17-20-32-35-38,2,0,No,0,-1,No
2026-03-04,6,2025-09-19,2026-03-03,No,13-15-19-29-38,3,17-20-32-35-38,2,1,No,0,-1,No
2026-03-04,7,2025-09-19,2026-03-03,No,7-17-21-32-33,6,17-20-32-35-38,2,2,No,0,-1,No
2026-03-04,8,2025-09-19,2026-03-03,No,20-23-26-32-34,5,17-20-32-35-38,2,2,No,0,-1,No
2026-03-04,9,2025-09-19,2026-03-03,No,3-8-14-24-34,3,17-20-32-35-38,2,0,No,0,-1,No
2026-03-06,1,2025-09-19,2026-03-04,No,7-8-11-16-38,5,5-18-27-30-33,11,0,No,0,-1,No
2026-03-06,2,2025-09-19,2026-03-04,No,2-11-20-31-32,6,5-18-27-30-33,11,0,No,0,-1,No
2026-03-06,3,2025-09-19,2026-03-04,No,3-10-14-15-35,10,5-18-27-30-33,11,0,No,0,-1,No
2026-03-06,4,2025-09-19,2026-03-04,No,3-20-21-32-37,8,5-18-27-30-33,11,0,No,0,-1,No
2026-03-06,5,2025-09-19,2026-03-04,No,13-14-32-35-39,5,5-18-27-30-33,11,0,No,0,-1,No
2026-03-06,6,2025-09-19,2026-03-04,No,6-11-16-20-26,6,5-18-27-30-33,11,0,No,0,-1,No
2026-03-06,7,2025-09-19,2026-03-04,No,4-7-17-26-38,8,5-18-27-30-33,11,0,No,0,-1,No
2026-03-06,8,2025-09-19,2026-03-04,No,2-11-12-18-24,5,5-18-27-30-33,11,1,No,0,-1,No
2026-03-06,9,2025-09-19,2026-03-04,No,7-8-14-21-33,6,5-18-27-30-33,11,1,No,0,-1,No
2026-03-07,1,2025-09-19,2026-03-06,No,7-8-11-16-38,5,4-8-10-17-27,3,1,No,0,-1,No
2026-03-07,2,2025-09-19,2026-03-06,No,3-20-21-32-37,8,4-8-10-17-27,3,0,No,0,-1,No
2026-03-07,3,2025-09-19,2026-03-06,No,6-11-16-20-26,6,4-8-10-17-27,3,0,No,0,-1,No
2026-03-07,4,2025-09-19,2026-03-06,No,3-10-14-15-35,10,4-8-10-17-27,3,1,No,0,-1,No
2026-03-07,5,2025-09-19,2026-03-06,No,2-11-12-18-24,5,4-8-10-17-27,3,0,No,0,-1,No
2026-03-07,6,2025-09-19,2026-03-06,No,13-14-32-34-39,6,4-8-10-17-27,3,0,No,0,-1,No
2026-03-07,7,2025-09-19,2026-03-06,No,4-7-18-26-38,8,4-8-10-17-27,3,1,No,0,-1,No
2026-03-07,8,2025-09-19,2026-03-06,No,3-11-19-31-32,5,4-8-10-17-27,3,0,No,0,-1,No
2026-03-07,9,2025-09-19,2026-03-06,No,2-14-21-34-35,3,4-8-10-17-27,3,0,Yes,3,2,Yes
2026-03-10,1,2025-09-19,2026-03-07,No,3-11-19-31-32,5,10-22-23-29-30,12,0,No,0,-1,No
2026-03-10,2,2025-09-19,2026-03-07,No,2-14-21-34-35,3,10-22-23-29-30,12,0,No,0,-1,No
2026-03-10,3,2025-09-19,2026-03-07,No,6-11-16-20-26,6,10-22-23-29-30,12,0,No,0,-1,No
2026-03-10,4,2025-09-19,2026-03-07,No,4-7-17-26-38,8,10-22-23-29-30,12,0,No,0,-1,No
2026-03-10,5,2025-09-19,2026-03-07,No,2-10-12-17-23,5,10-22-23-29-30,12,2,No,0,-1,No
2026-03-10,6,2025-09-19,2026-03-07,No,4-11-15-30-37,3,10-22-23-29-30,12,1,No,0,-1,No
2026-03-10,7,2025-09-19,2026-03-07,No,3-20-21-32-37,8,10-22-23-29-30,12,0,No,0,-1,No
2026-03-10,8,2025-09-19,2026-03-07,No,1-10-19-31-38,5,10-22-23-29-30,12,1,No,0,-1,No
2026-03-10,9,2025-09-19,2026-03-07,No,15-22-26-32-34,3,10-22-23-29-30,12,1,No,0,-1,No
2026-03-11,1,2025-09-19,2026-03-10,No,7-8-11-16-38,5,2-23-28-32-37,9,0,No,0,-1,No
2026-03-11,2,2025-09-19,2026-03-10,No,2-14-21-33-35,3,2-23-28-32-37,9,1,No,0,-1,No
2026-03-11,3,2025-09-19,2026-03-10,No,6-11-16-20-26,6,2-23-28-32-37,9,0,No,0,-1,No
2026-03-11,4,2025-09-19,2026-03-10,No,4-7-17-26-38,8,2-23-28-32-37,9,0,No,0,-1,No
2026-03-11,5,2025-09-19,2026-03-10,No,3-11-19-31-32,5,2-23-28-32-37,9,1,No,0,-1,No
2026-03-11,6,2025-09-19,2026-03-10,No,4-11-15-30-37,3,2-23-28-32-37,9,1,No,0,-1,No
2026-03-11,7,2025-09-19,2026-03-10,No,3-20-21-31-37,8,2-23-28-32-37,9,1,No,0,-1,No
2026-03-11,8,2025-09-19,2026-03-10,No,2-10-11-18-24,5,2-23-28-32-37,9,1,No,0,-1,No
2026-03-11,9,2025-09-19,2026-03-10,No,6-9-20-32-38,3,2-23-28-32-37,9,1,No,0,-1,No
2026-03-13,1,2025-09-19,2026-03-11,No,2-11-20-31-32,5,5-11-18-28-31,7,2,No,0,-1,No
2026-03-13,2,2025-09-19,2026-03-11,No,4-7-17-26-38,8,5-11-18-28-31,7,0,No,0,-1,No
2026-03-13,3,2025-09-19,2026-03-11,No,6-11-16-21-26,6,5-11-18-28-31,7,1,No,0,-1,No
2026-03-13,4,2025-09-19,2026-03-11,No,3-8-14-24-34,3,5-11-18-28-31,7,0,No,0,-1,No
2026-03-13,5,2025-09-19,2026-03-11,No,3-20-23-38-39,5,5-11-18-28-31,7,0,No,0,-1,No
2026-03-13,6,2025-09-19,2026-03-11,No,4-11-16-30-37,3,5-11-18-28-31,7,1,No,0,-1,No
2026-03-13,7,2025-09-19,2026-03-11,No,4-10-14-18-36,8,5-11-18-28-31,7,1,No,0,-1,No
2026-03-13,8,2025-09-19,2026-03-11,No,7-8-11-16-38,5,5-11-18-28-31,7,1,No,0,-1,No
2026-03-13,9,2025-09-19,2026-03-11,No,13-20-29-35-36,9,5-11-18-28-31,7,0,No,0,-1,No
2026-03-14,1,2025-09-19,2026-03-13,No,7-8-11-16-38,5,5-8-24-26-32,5,1,Yes,5,4,Yes
2026-03-14,2,2025-09-19,2026-03-13,No,2-14-21-33-35,3,5-8-24-26-32,5,0,No,0,-1,No
2026-03-14,3,2025-09-19,2026-03-13,No,6-11-16-20-26,6,5-8-24-26-32,5,1,No,0,-1,No
2026-03-14,4,2025-09-19,2026-03-13,No,4-10-14-18-36,8,5-8-24-26-32,5,0,No,0,-1,No
2026-03-14,5,2025-09-19,2026-03-13,No,2-10-13-18-22,5,5-8-24-26-32,5,0,Yes,3,2,Yes
2026-03-14,6,2025-09-19,2026-03-13,No,4-11-16-30-37,3,5-8-24-26-32,5,0,No,0,-1,No
2026-03-14,7,2025-09-19,2026-03-13,No,4-7-17-26-38,8,5-8-24-26-32,5,1,No,0,-1,No
2026-03-14,8,2025-09-19,2026-03-13,No,3-20-23-38-39,5,5-8-24-26-32,5,0,Yes,3,2,Yes
2026-03-14,9,2025-09-19,2026-03-13,No,6-9-20-32-38,3,5-8-24-26-32,5,1,No,0,-1,No
